task_id,flow_id,predictive_accuracy
72,75,0.713636364
95,63,0.796969697
88,70,0.850144928
85,57,0.709722222
91,67,0.877929403
68,75,0.448780488
39,57,0.634615
98,70,0.780769231
58,74,0.8674
15,57,0.915594
20,56,0.1
99,72,0.355140187
32,61,0.954876
40,62,0.448598
73,57,0.38635
48,57,0.735974
10,64,0.783784
93,76,0.697777778
39,72,0.692308
3,77,0.93836
22,62,0.196
71,62,0.1973
7,62,0.464602
49,58,0.700418
34,74,0.633333
26,61,0.960494
4,75,0.929825
18,64,0.642
10,61,0.777027
4,64,0.824561
22,77,0.749
48,58,0.828383
75,66,0.96335
31,57,0.663
72,59,0.724825175
48,70,0.841584
64,70,0.931578947
93,65,0.6
9,64,0.765854
20,60,0.782
116,75,0.911111111
39,63,0.677885
1,76,0.98441
38,58,0.854167
53,67,0.604019
54,75,0.812903
6,61,0.8457
31,61,0.701
75,75,0.19435
28,61,0.895552
10,62,0.756757
57,60,0.894587
37,57,0.71224
12,63,0.924
3,58,0.874218
35,66,0.95082
59,67,0.94
16,57,0.3005
48,67,0.838284
35,65,0.953552
26,66,0.982948
14,58,0.7595
13,56,0.702797
16,61,0.773
51,56,0
52,61,0.751852
47,72,0.344371
10,77,0.804054
54,60,0.767742
28,64,0.866548
28,67,0.922242
48,61,0.768977
41,58,0.925329
14,75,0.197
21,60,0.916667
51,58,0.7
42,75,0.754902
32,72,0.914119
2,76,0.935412
39,76,0.778846
31,62,0.7
28,60,0.90427
36,65,0.977056
38,61,0.809524
2,59,0.951002
87,72,0.971120996
71,65,0.94745
93,70,0.678888889
43,72,0.745925
79,57,0.2263
29,70,0.852174
72,60,0.734265734
62,57,0.836302895
86,76,0.848641304
5,61,0.681416
34,59,0.711111
20,77,0.917
54,70,0.858065
36,57,0.640693
28,65,0.966548
30,60,0.970035
3,57,0.674593
91,63,0.900873362
48,62,0.735974
38,66,0.797619
71,64,0.84625
65,61,0.669247788
24,72,0.998769
7,57,0.464602
28,70,0.982384
49,60,0.853862
32,76,0.978712
53,77,0.702128
18,65,0.688
36,56,0.142857
79,77,0.92175
30,63,0.898959
12,66,0.961
59,70,0.96
73,75,0.19685
50,57,0.802721
7,66,0.787611
38,76,0.830357
51,59,0.4
43,61,0.929581
26,77,0.904861
49,76,0.906054
51,70,0.7
53,76,0.723404
24,65,1
31,75,0.709
20,65,0.9115
12,61,0.8765
21,66,0.934606
27,76,0.853261
58,76,0.8198
22,63,0.7345
26,56,0.333333
7,70,0.79646
20,57,0.232
13,75,0.702797
71,72,0.9588
68,70,0.709268293
90,56,0.7
20,72,0.979
47,74,0.529801
11,76,0.8464
21,56,0.700231
28,57,0.265836
9,76,0.609756
22,75,0.196
27,56,0.630435
36,76,0.967965
34,62,0.7
32,66,0.993905
53,59,0.692671
26,70,0.93071
29,58,0.778261
54,62,0.787097
24,57,0.985229
43,57,0.783525
9,59,0.746341
47,65,0.615894
58,70,0.8644
31,66,0.709
23,57,0.479294
58,58,0.7996
34,58,0.7
6,60,0.87795
3,62,0.660513
24,74,1
53,60,0.70331
36,70,0.927706
3,61,0.9903
32,60,0.965793
12,60,0.8895
57,57,0.823362
54,61,0.787097
10,74,0.804054
50,67,0.85034
11,63,0.9072
29,62,0.855072
51,62,0.6
59,56,0.333333
11,61,0.7744
7,59,0.747788
1,59,0.98441
57,63,0.883191
40,67,0.696262
32,70,0.979894
21,61,0.884838
55,56,0.613793
47,76,0.582781
3,67,0.874218
41,70,0.93265
22,57,0.269
48,72,0.834983
38,74,0.854167
40,57,0.528037
13,59,0.716783
10,65,0.851351
58,59,0.7954
31,56,0.7
51,75,0.5
27,60,0.853261
58,66,0.7324
4,66,0.842105
36,64,0.95974
29,66,0.813043
35,77,0.972678
53,57,0.522459
14,72,0.777
41,59,0.918009
50,76,0.802721
57,66,0.860399
34,75,0.7
13,57,0.674825
32,65,0.988082
36,72,0.818615
31,58,0.753
6,65,0.9407
16,56,0.1
9,67,0.658537
54,74,0.83871
30,61,0.966015
49,61,0.796451
16,59,0.808
12,67,0.9335
31,60,0.709
52,76,0.781481
10,67,0.858108
51,61,0
20,67,0.9375
48,59,0.788779
9,70,0.692683
58,56,0.3384
28,75,0.197509
55,65,0.963218
41,66,0.910688
20,75,0.193
24,76,1
32,56,0.103712
52,60,0.785185
29,59,0.865217
57,64,0.877493
43,77,0.919583
39,65,0.75
13,64,0.674825
26,60,0.971296
42,66,0.679739
54,72,0.793548
30,76,0.972227
14,74,0.742
5,74,0.530973
2,64,0.92539
26,57,0.709722
2,65,0.94098
16,62,0.1945
10,60,0.783784
35,59,0.855191
39,62,0.706731
28,74,0.942171
22,56,0.1
3,74,0.974343
38,65,0.824405
52,67,0.822222
47,66,0.642384
52,59,0.785185
58,57,0.5338
31,70,0.751
12,59,0.889
26,76,0.972454
13,74,0.695804
9,65,0.829268
29,72,0.855072
51,60,0.9
57,65,0.94302
27,65,0.847826
20,59,0.876
27,58,0.793478
47,70,0.536424
13,61,0.692308
7,77,0.831858
41,77,0.93265
30,58,0.898959
35,57,0.502732
31,59,0.715
37,77,0.742188
40,75,0.448598
1,67,0.961024
43,62,0.77983
24,77,0.982398
29,74,0.847826
40,77,0.71028
39,60,0.677885
28,66,0.987189
50,74,0.826531
22,70,0.825
29,64,0.773913
58,60,0.7436
21,72,0.842593
34,72,0.711111
29,56,0.555072
30,67,0.934771
27,62,0.815217
47,62,0.377483
39,59,0.745192
10,66,0.824324
39,56,0.533654
39,74,0.697115
5,72,0.542035
13,60,0.748252
47,64,0.655629
6,58,0.64105
50,75,0.79932
55,61,0.947126
41,74,0.925329
52,66,0.722222
11,62,0.584
38,64,0.764881
58,62,0.5686
27,75,0.82337
55,77,0.958621
41,65,0.919473
9,77,0.804878
49,77,0.723382
24,70,1
37,56,0.651042
1,65,0.991091
6,63,0.64205
21,65,0.935185
18,77,0.7225
6,74,0.7736
37,66,0.703125
2,58,0.746102
38,70,0.830357
48,56,0.544554
11,56,0.4576
30,77,0.968208
51,74,0.8
15,67,0.969957
40,76,0.766355
39,61,0.6875
2,75,0.836303
57,59,0.888889
5,76,0.725664
37,60,0.74349
38,67,0.818452
5,62,0.553097
2,60,0.912027
35,67,0.972678
57,76,0.905983
52,65,0.803704
21,58,0.853588
59,61,0.926667
31,77,0.727
30,64,0.964919
54,59,0.76129
18,76,0.7085
21,57,0.700231
13,72,0.702797
2,74,0.871938
5,77,0.738938
5,70,0.712389
47,77,0.536424
42,70,0.732026
37,67,0.752604
27,61,0.839674
21,62,0.700231
47,60,0.562914
9,74,0.702439
4,62,0.842105
23,62,0.42702
6,67,0.74345
14,59,0.711
43,56,0.605955
15,61,0.951359
59,77,0.946667
34,67,0.711111
43,64,0.915671
15,75,0.951359
7,64,0.606195
7,67,0.774336
50,64,0.741497
2,66,0.949889
24,61,0.999385
50,61,0.802721
23,72,0.430414
48,66,0.768977
15,70,0.965665
29,67,0.866667
59,62,0.666667
29,61,0.846377
51,77,0.6
55,67,0.901149
42,77,0.751634
27,57,0.815217
11,67,0.7264
1,74,0.988864
42,72,0.735294
31,76,0.731
2,70,0.86971
53,65,0.739953
55,72,0.947126
58,63,0.7996
15,64,0.932761
16,72,0.927
53,64,0.691489
42,59,0.72549
49,65,0.924843
30,65,0.972958
40,61,0.654206
35,74,0.97541
28,77,0.917794
1,70,0.973274
41,57,0.398243
40,60,0.67757
35,61,0.912568
26,62,0.6625
16,76,0.8735
9,66,0.736585
26,74,0.924923
2,61,0.917595
2,72,0.761693
18,59,0.708
26,65,0.977469
34,77,0.666667
27,72,0.850543
12,74,0.9795
12,64,0.8525
40,70,0.584112
41,64,0.853587
15,56,0.655222
11,74,0.896
18,70,0.709
50,70,0.840136
7,58,0.725664
1,75,0.836303
12,56,0.1
21,64,0.842593
39,77,0.725962
39,64,0.769231
36,67,0.915152
7,61,0.743363
37,65,0.75651
24,59,1
59,75,0.966667
6,75,0.0709
4,59,0.877193
39,66,0.855769
58,77,0.8322
52,72,0.825926
42,74,0.748366
47,59,0.456954
1,58,0.865256
22,59,0.686
24,56,0.517971
28,59,0.908363
40,59,0.668224
40,65,0.775701
15,74,0.965665
54,56,0.793548
27,64,0.788043
30,66,0.960168
15,76,0.958512
13,67,0.727273
20,66,0.9625
52,70,0.833333
26,72,0.922531
49,57,0.699374
49,72,0.763048
27,66,0.777174
24,66,1
29,57,0.855072
12,65,0.9435
50,60,0.802721
5,67,0.707965
31,65,0.733
16,70,0.9635
11,70,0.8848
26,67,0.903241
26,58,0.903318
26,64,0.936111
34,57,0.677778
20,58,0.9355
6,70,0.82255
12,76,0.9375
14,65,0.802
52,74,0.82963
43,76,0.941534
37,63,0.742188
41,62,0.279649
52,63,0.837037
41,76,0.855051
30,74,0.964553
35,76,0.934426
1,56,0.761693
74,58,0.960658083
93,58,0.682222222
68,74,0.698536585
65,60,0.656637168
77,72,0.56315
75,57,0.30805
71,75,0.1973
95,70,0.928614719
73,67,0.7712
87,75,0.197384342
98,76,0.765865385
88,76,0.854492754
75,60,0.81905
69,76,0.768918919
116,59,0.894871795
97,64,0.790178571
62,56,0.76169265
66,57,0.46460177
98,72,0.682692308
83,57,0.985228951
89,77,0.968262379
70,63,0.90608
65,56,0.542035398
69,58,0.837162162
116,56,0.641025641
96,60,0.739192708
96,58,0.758203125
75,59,0.81565
90,59,0.7228
94,76,0.924043716
94,57,0.502185792
63,72,0.913516896
81,59,0.69505
83,66,1
65,64,0.518584071
93,59,0.707777778
62,75,0.836302895
63,67,0.878473091
83,59,0.999975382
91,72,0.913828239
73,59,0.7302
88,66,0.814782609
86,70,0.829347826
64,62,0.785964912
71,57,0.3963
80,56,0.700231481
99,60,0.670093458
99,56,0.355140187
80,66,0.931365741
99,65,0.761214953
62,58,0.74844098
89,57,0.938443267
88,64,0.789275362
90,67,0.7434
70,76,0.8352
91,60,0.965047307
98,57,0.598557692
75,58,0.93525
72,77,0.701398601
98,59,0.741346154
85,61,0.959876543
64,72,0.649122807
80,67,0.85787037
99,66,0.698130841
81,57,0.265
64,64,0.845614035
94,59,0.881693989
65,59,0.70420354
85,66,0.983634259
88,59,0.851884058
82,64,0.470739986
75,56,0.1
116,64,0.883760684
96,76,0.759375
97,67,0.80625
71,58,0.9257
94,65,0.957103825
96,77,0.750651042
94,66,0.942896175
81,56,0.1
71,70,0.9746
87,59,0.908398577
82,67,0.501900883
90,60,0.7085
66,76,0.753097345
99,62,0.447663551
89,61,0.968298922
85,56,0.333333333
70,59,0.8096
93,75,0.703333333
72,65,0.686013986
96,63,0.756119792
75,67,0.9224
98,66,0.86875
68,60,0.817073171
85,76,0.973402778
64,66,0.857894737
88,56,0.555072464
69,62,0.756756757
63,59,0.991301627
68,67,0.662439024
82,76,0.536388323
80,60,0.92037037
91,77,0.922134279
83,75,0.962592319
66,66,0.784070796
87,60,0.904982206
90,76,0.7397
94,56,0.306010929
80,64,0.835821759
94,58,0.975136612
83,60,1
87,64,0.86252669
96,66,0.7046875
65,72,0.542920354
69,74,0.781756757
72,57,0.66993007
72,72,0.702797203
83,77,0.982225505
89,62,0.931299105
87,57,0.26702847
66,77,0.836725664
74,59,0.955364807
121,79,0.110562
120,79,0.110562
122,83,0.95668
120,78,0.881167
122,78,0.850984
124,78,0.46173
123,83,0.963433
124,79,0.038406
120,81,0.880207
120,80,0.943215
122,80,0.95074
123,81,0.942069
123,78,0.931166
124,80,0.50951
120,83,0.956694
121,80,0.869707
126,80,0.903868
126,79,0.543528
125,80,0.783377
122,81,0.859152
127,79,0.740043
126,78,0.876834
128,79,0.194939
127,83,0.778979
123,79,0.919266
125,81,0.656211
125,83,0.756707
125,79,0.016737
127,82,0.753731
127,80,0.779244
121,78,0.828723
121,81,0.801157
128,83,0.846701
120,82,0.880227
124,81,0.377949
127,81,0.753299
123,80,0.960658
126,83,0.912064
125,82,0.656893
130,79,0.22028
130,81,0.68916
131,81,0.690522
85,72,0.922283951
68,56,0.326829268
96,61,0.746614583
116,57,0.815669516
74,63,0.959513591
77,67,0.6853
62,67,0.925612472
75,76,0.8812
97,59,0.80297619
73,60,0.7583
91,61,0.952583697
126,81,0.864725
63,62,0.660513141
130,80,0.711786
129,78,0.955548
73,70,0.8393
124,83,0.442336
129,79,0.176713
131,79,0.218157
89,76,0.972720629
70,70,0.87536
87,70,0.982651246
131,83,0.511
68,72,0.451707317
98,77,0.779326923
129,80,0.95448
95,76,0.965930736
65,76,0.725442478
115,57,0.330808081
74,65,0.957939914
91,62,0.203875546
68,59,0.746829268
69,57,0.746621622
88,65,0.848550725
83,76,1
66,75,0.46460177
128,80,0.803501
91,59,0.962336245
130,83,0.505189
129,81,0.81214
131,78,0.76497
62,60,0.926057906
81,64,0.6253
115,66,0.991717172
85,67,0.902908951
71,76,0.93855
129,82,0.813535
122,79,0.895489
160,78,0.927366
170,78,0.806274
162,83,0.902587
159,79,0.262153
128,78,0.853035
171,78,0.935076
168,79,0.585094
170,80,0.86324
127,78,0.752778
168,78,0.844695
77,65,0.69285
87,66,0.986975089
70,65,0.80656
86,61,0.843478261
71,66,0.96115
98,61,0.714423077
79,67,0.93495
63,74,0.975876095
161,83,0.638555
159,78,0.486473
82,57,0.47562797
163,78,0.9063
71,56,0.1
70,62,0.5712
70,67,0.72
69,67,0.851351351
159,82,0.474302
95,77,0.958787879
65,58,0.626769912
77,57,0.47695
96,74,0.775
158,81,0.668376
167,80,0.886574
164,81,0.864104
79,76,0.84585
98,75,0.761538462
96,57,0.718359375
80,65,0.930034722
80,70,0.935706019
95,58,0.800865801
89,67,0.935866983
71,60,0.8885
93,66,0.631111111
77,58,0.69325
68,66,0.740487805
96,75,0.745182292
64,59,0.828070175
74,57,0.920600858
99,64,0.675233645
131,80,0.72054
166,78,0.78075
73,76,0.7977
70,58,0.90544
80,57,0.700231481
94,72,0.975409836
94,60,0.938797814
70,66,0.86736
171,79,0.938761
166,83,0.787366
163,79,0.191676
96,65,0.749479167
95,61,0.954805195
86,74,0.802173913
122,82,0.860888
170,81,0.81113
170,79,0.206149
128,82,0.670009
162,79,0.853321
91,57,0.390456696
95,67,0.914155844
82,56,0.427019688
175,83,0.665602
99,70,0.581308411
69,77,0.818918919
86,67,0.80951087
116,61,0.893447293
98,60,0.721153846
93,67,0.661111111
94,62,0.50273224
72,58,0.726223776
163,83,0.950668
121,83,0.878817
164,78,0.868703
174,83,0.913822
185,79,0.85934
170,83,0.871767
169,82,0.966838
165,81,0.907832
181,79,0.89579
181,80,0.922827
183,79,0.922575
172,83,0.897479
161,78,0.82981
178,80,0.93908
160,79,0.913354
177,81,0.845844
160,80,0.988977
179,78,0.875771
164,80,0.883326
179,79,0.862324
165,78,0.907392
186,83,0.843668
176,78,0.866348
184,78,0.434444
171,80,0.939817
185,81,0.858816
162,80,0.895025
167,78,0.807021
174,81,0.822169
187,83,0.889933
168,82,0.711235
162,78,0.857555
186,78,0.815955
183,81,0.922567
179,83,0.890958
180,78,0.534593
177,83,0.872697
158,83,0.748469
166,79,0.761223
165,79,0.898484
167,81,0.815432
180,83,0.700297
160,81,0.96409
175,78,0.66516
180,81,0.590569
183,83,0.926053
169,79,0.469364
166,80,0.783777
178,83,0.943623
165,83,0.918695
175,81,0.625557
169,78,0.986111
185,82,0.857245
182,83,0.969238
177,79,0.851669
163,81,0.890955
168,80,0.687886
163,80,0.905408
178,79,0.867086
174,78,0.901925
185,80,0.946066
187,78,0.933755
182,79,0.937859
129,83,0.970905
186,81,0.754377
161,80,0.786617
169,81,0.966553
168,83,0.711491
181,81,0.888423
184,81,0.503019
186,80,0.834978
171,83,0.940696
172,82,0.787133
161,81,0.728879
161,79,0.694571
158,78,0.7436
186,79,0.526646
159,80,0.506293
185,83,0.966382
165,82,0.907924
169,80,0.970691
174,82,0.822161
130,78,0.74856
161,82,0.730974
169,83,0.985157
178,81,0.923405
163,82,0.891899
179,80,0.887591
164,83,0.8839
162,81,0.856727
182,78,0.917755
193,78,0.595528
189,83,0.916947
179,81,0.86582
198,80,0.452721
167,83,0.917755
199,78,0.838731
125,78,0.68822
181,78,0.886957
160,83,0.989225
200,78,0.838723
191,80,0.890483
175,82,0.625612
181,83,0.931196
199,80,0.848822
195,80,0.763063
189,81,0.922249
197,80,0.322643
188,78,0.242381
158,80,0.732238
191,83,0.895595
190,83,0.875293
194,81,0.889888
191,78,0.91254
172,80,0.871091
200,82,0.864026
176,83,0.880292
196,79,0.166315
194,78,0.512079
158,79,0.187644
200,83,0.888835
176,80,0.873837
172,81,0.784841
183,78,0.923098
189,79,0.606956
166,81,0.731324
199,81,0.868662
177,80,0.872336
195,78,0.519644
197,83,0.553322
194,79,0.166315
182,81,0.941574
193,79,0.689239
188,79,0.680643
121,82,0.801341
195,81,0.883362
193,83,0.875978
190,78,0.709097
159,81,0.474356
172,78,0.796244
188,80,0.793415
172,79,0.794397
184,80,0.716164
174,80,0.894311
187,81,0.921486
196,81,0.893003
184,83,0.691725
188,81,0.78414
197,78,0.291363
196,80,0.792337
187,79,0.585555
192,78,0.539617
193,81,0.693493
189,78,0.605208
196,83,0.885844
191,79,0.795349
196,78,0.521015
178,78,0.887015
176,81,0.851993
174,79,0.049311
168,81,0.712249
165,80,0.916293
183,80,0.924425
198,81,0.893566
171,81,0.938686
180,79,0.256377
192,83,0.739032
158,82,0.668415
199,83,0.892971
175,80,0.663024
190,80,0.787622
198,79,0.166315
187,80,0.92871
192,79,0.119304
175,79,0.609013
185,78,0.794557
200,81,0.863604
197,81,0.840309
176,79,0.828979
164,79,0.847025
193,80,0.760685
189,80,0.803119
182,80,0.963997
199,79,0.855001
180,80,0.678386
198,83,0.838393
190,79,0.711002
197,79,0.166315
193,82,0.701352
177,78,0.865263
190,81,0.833298
182,82,0.941406
194,80,0.831893
200,80,0.84887
192,82,0.642228
195,79,0.166315
184,79,0.090979
195,83,0.849722
192,80,0.690237
183,82,0.922568
198,78,0.309946
128,81,0.669047
188,83,0.884842
186,82,0.755407
188,82,0.789039
192,81,0.641666
178,82,0.923247
199,82,0.86895
159,83,0.514124
200,79,0.849941
167,79,0.192038
194,83,0.912505
191,81,0.832851
79,74,0.93995
68,64,0.744878049
1711,61,0.8625
72,66,0.729370629
1717,72,0.57
1757,61,0.7686
1702,70,0.958072591
1740,59,0.9238653
1721,76,0.7395
74,56,0.655221745
1711,75,0.197
1719,74,0.934
1735,76,0.967099567
1703,61,0.842105263
1730,65,0.749
1728,61,0.853623188
1713,75,0.196
86,64,0.777445652
1714,57,0.927038627
98,63,0.688942308
1719,76,0.848
1713,56,0.1
72,67,0.727972028
75,61,0.78395
1717,61,0.713
1728,77,0.852173913
98,62,0.715865385
85,74,0.925123457
89,58,0.898995067
1721,60,0.699
1703,76,0.859649123
80,72,0.84525463
97,58,0.856547619
1717,75,0.1995
1757,75,0.6706
1757,56,0.3384
1757,67,0.8016
1715,76,0.8805
195,82,0.883419
170,82,0.810818
180,82,0.591166
123,82,0.941875
176,82,0.852674
190,82,0.834292
181,82,0.88776
160,82,0.964053
177,82,0.846254
189,82,0.922253
187,82,0.921622
171,82,0.938669
126,82,0.865426
164,82,0.863915
184,82,0.503332
197,82,0.840246
196,82,0.893048
166,82,0.732291
124,82,0.379056
179,82,0.866434
167,82,0.816088
162,82,0.856651
191,82,0.834061
130,82,0.689985
198,82,0.893697
194,82,0.889929
131,82,0.691455
2056,83,0.897952
171,96,0.885024
168,98,0.556943
167,97,0.103728
161,96,0.5522
122,108,0.924277
172,98,0.762323
160,91,0.88758
121,94,0.870091
124,108,0.448836
2056,96,0.853306
124,106,0.039455
189,101,0.571128
197,103,0.246024
127,92,0.779244
131,101,0.422473
199,85,0.885787
179,105,0.875158
1916,61,0.955325
1893,70,0.7
1775,56,0.4608
199,88,0.385658
239,70,0.58209
1795,57,0.6646
51,64,0.4
160,86,0.989272
127,97,0.702822
180,98,0.269802
160,94,0.988834
183,103,0.925915
131,86,0.663129
132,56,0.759513
179,91,0.780984
189,108,0.580909
195,84,0.805517
180,96,0.250987
161,92,0.786617
181,94,0.923432
188,97,0.449694
120,105,0.878811
191,98,0.922207
195,92,0.763063
127,105,0.74762
122,84,0.952423
126,86,0.910886
190,101,0.626596
123,106,0.35448
197,89,0.261174
162,92,0.895025
158,85,0.741505
160,87,0.987342
183,97,0.922578
187,108,0.918421
129,86,0.972055
186,84,0.839768
175,84,0.665534
195,91,0.558844
194,92,0.831893
159,99,0.482042
198,84,0.592889
191,96,0.500246
199,99,0.829534
178,106,0.498881
195,90,0.261174
165,103,0.906688
170,94,0.864831
163,92,0.905408
126,105,0.875425
185,93,0.358975
128,91,0.418377
182,106,0.613472
198,101,0.227663
130,101,0.422473
179,106,0.554324
189,89,0.364605
174,90,0.029618
194,88,0.261174
129,105,0.940477
167,96,0.099714
121,92,0.869707
182,87,0.961342
122,99,0.935441
127,99,0.751406
127,108,0.759949
160,84,0.98951
168,95,0.687194
183,90,0.922578
158,98,0.189472
2056,101,0.618887
124,92,0.50951
184,85,0.769387
165,84,0.916547
159,84,0.504485
200,87,0.834207
163,91,0.317202
178,98,0.852003
174,105,0.889886
187,106,0.396212
126,92,0.903868
182,85,0.965324
193,101,0.45225
2056,95,0.741989
200,91,0.805273
177,93,0.634862
182,97,0.613464
177,108,0.863235
181,98,0.89834
186,103,0.486209
177,94,0.87182
176,93,0.54081
164,105,0.865151
128,92,0.803501
125,92,0.783377
190,90,0.499993
184,92,0.716164
127,96,0.582176
158,108,0.723434
160,96,0.50119
126,94,0.903053
186,87,0.727549
172,86,0.911013
175,92,0.663024
130,108,0.706606
166,91,0.725365
190,108,0.662613
196,87,0.830051
194,101,0.699321
180,90,0.250676
165,98,0.902833
120,98,0.110562
166,108,0.771642
168,90,0.422977
191,101,0.744664
159,95,0.477015
192,91,0.392171
178,99,0.864521
197,92,0.322643
175,97,0.605945
169,108,0.97704
129,85,0.96227
200,103,0.675651
128,85,0.849592
196,98,0.17426
181,87,0.907669
184,93,0.090279
188,103,0.23747
189,85,0.847387
199,91,0.81476
196,93,0.261174
199,97,0.614341
200,96,0.532981
196,84,0.843295
178,97,0.500373
200,90,0.385668
188,106,0.444811
124,85,0.521811
183,108,0.925419
168,106,0.422977
122,93,0.521875
186,91,0.649718
162,87,0.86649
172,84,0.884613
175,90,0.605948
158,99,0.58834
194,97,0.300093
169,84,0.980947
164,108,0.852596
197,94,0.391628
179,95,0.842162
131,90,0.150387
197,88,0.261174
2056,78,0.733625
174,84,0.905172
128,106,0.100058
125,99,0.629797
186,95,0.725761
189,103,0.588081
168,103,0.688765
187,85,0.931137
174,99,0.775614
2056,89,0.424545
189,93,0.364605
187,93,0.396212
179,87,0.856087
180,108,0.617838
166,97,0.699586
179,101,0.832598
184,84,0.774911
129,93,0.100128
125,97,0.323283
175,91,0.653282
163,101,0.622422
191,88,0.500166
164,93,0.445102
161,90,0.662777
123,85,0.962075
195,96,0.227103
131,93,0.150387
131,103,0.548087
190,91,0.70246
167,93,0.104217
195,94,0.766116
123,95,0.921596
188,95,0.600765
161,95,0.763799
121,93,0.009398
124,95,0.357973
176,95,0.81867
160,92,0.988977
129,84,0.966702
168,91,0.686291
165,86,0.910762
178,85,0.942126
190,93,0.499993
127,91,0.72974
170,87,0.844959
2056,99,0.631025
163,108,0.896055
180,99,0.591405
182,94,0.964516
126,93,0.016553
161,91,0.669461
183,85,0.924755
161,103,0.634763
176,106,0.54081
183,87,0.897483
125,94,0.782582
127,93,0.702823
167,103,0.270509
167,108,0.852265
168,85,0.768516
131,91,0.435221
191,93,0.500166
160,93,0.518298
170,103,0.396732
196,97,0.300093
176,101,0.819816
183,86,0.924096
179,98,0.855642
120,108,0.92556
198,87,0.634967
182,93,0.613472
177,99,0.83509
176,86,0.875422
167,87,0.902448
172,94,0.869952
121,106,0.009398
161,106,0.662777
126,101,0.788517
199,95,0.832445
181,108,0.899143
167,98,0.194781
2056,91,0.73208
185,106,0.358975
128,108,0.792202
120,92,0.943215
129,96,0.099307
198,88,0.261174
195,88,0.261174
126,106,0.016553
179,90,0.554324
158,95,0.588287
161,93,0.662777
160,108,0.970606
159,87,0.448116
190,98,0.911574
178,84,0.942159
187,87,0.920162
196,103,0.381072
188,94,0.73539
177,95,0.822624
175,94,0.660617
121,86,0.868861
169,99,0.901746
178,108,0.884896
172,105,0.793742
178,105,0.881413
128,94,0.794964
159,98,0.346734
165,94,0.917286
191,91,0.72914
200,99,0.829528
189,95,0.645661
171,95,0.93898
162,105,0.856193
131,85,0.597317
174,94,0.892012
130,99,0.633898
194,84,0.876878
196,85,0.845982
127,106,0.702823
129,95,0.649858
175,105,0.656458
180,92,0.678386
182,86,0.966965
192,105,0.375388
126,84,0.908502
179,85,0.889395
187,101,0.46635
126,98,0.543512
129,108,0.886313
198,86,0.392718
159,101,0.47356
196,88,0.261174
191,105,0.892545
177,103,0.802089
167,85,0.893275
129,91,0.488412
170,97,0.142962
184,90,0.090279
178,93,0.498881
193,89,0.501116
128,98,0.195319
123,105,0.928378
195,99,0.675727
130,96,0.247072
199,105,0.827132
191,85,0.90071
129,94,0.929207
163,90,0.098669
192,90,0.100203
2056,82,0.785289
128,90,0.100058
200,85,0.884007
191,86,0.893881
161,94,0.743038
178,92,0.93908
165,101,0.912744
181,90,0.208952
195,98,0.172551
177,101,0.833134
172,95,0.77558
131,98,0.129803
158,92,0.732238
196,91,0.573816
176,84,0.875367
193,91,0.625382
199,101,0.828101
193,85,0.740613
189,105,0.42501
177,92,0.872336
198,89,0.261174
166,101,0.721453
166,105,0.780371
177,87,0.832395
187,97,0.396211
181,97,0.791047
198,94,0.620962
1722,67,0.50712831
1728,59,0.857971014
1723,66,1
1720,61,0.884837963
70,61,0.78432
66,60,0.77699115
1722,59,0.532926001
1736,66,0.709635417
97,74,0.855357143
130,87,0.59968
181,84,0.92802
1757,72,0.8542
128,86,0.88902
194,87,0.873801
162,91,0.765041
158,91,0.37916
187,94,0.927395
186,108,0.785789
165,96,0.811082
123,93,0.35448
181,106,0.208952
191,103,0.569571
185,105,0.805862
179,96,0.507252
185,84,0.95266
170,85,0.864928
199,92,0.848822
125,91,0.462766
126,97,0.543507
192,87,0.655604
196,92,0.792337
175,96,0.52156
176,103,0.755987
121,85,0.871953
196,95,0.692928
185,97,0.641024
180,86,0.683503
198,99,0.222377
198,96,0.227103
125,103,0.450947
171,91,0.938932
171,92,0.939817
180,94,0.681056
87,56,0.101423488
194,85,0.876846
124,103,0.090265
189,91,0.610703
190,105,0.665094
123,86,0.95903
200,106,0.385668
174,96,0.086745
65,70,0.706637168
1740,61,0.837481698
187,84,0.931038
126,91,0.751439
193,88,0.501116
1712,66,0.723776224
2097,70,0.868429238
1736,67,0.76171875
1730,64,0.672
175,86,0.648205
186,97,0.337777
195,95,0.672986
172,97,0.533541
2056,79,0.575764
199,87,0.838986
89,72,0.898136305
1703,75,0.912280702
74,70,0.966094421
96,56,0.651041667
75,62,0.19435
1723,77,0.982274742
88,72,0.855072464
1730,77,0.724
65,57,0.592920354
1701,77,0.987750557
62,74,0.877060134
86,65,0.847554348
63,76,0.990425532
116,65,0.928774929
72,76,0.693006993
66,59,0.736725664
97,77,0.834821429
1719,62,0.194
1703,56,0.649122807
1735,63,0.797835498
98,74,0.739903846
1703,58,0.947368421
66,72,0.437168142
1736,62,0.717447917
162,108,0.874158
170,96,0.142979
120,101,0.91825
159,91,0.434986
174,98,0.029386
176,94,0.874447
196,86,0.836596
165,106,0.898274
166,84,0.787825
190,103,0.543312
164,94,0.882616
198,92,0.452721
120,106,0.009398
131,95,0.616063
170,92,0.86324
183,94,0.924543
125,95,0.643975
161,99,0.745847
160,95,0.950819
165,90,0.898274
192,92,0.690237
188,105,0.173614
167,86,0.899217
122,91,0.831963
198,91,0.35616
163,103,0.203978
162,86,0.903191
128,101,0.608497
190,106,0.499993
167,101,0.782105
124,84,0.522799
166,85,0.787588
183,105,0.917091
162,84,0.8983
2056,86,0.86743
172,92,0.871091
194,94,0.842427
176,90,0.54081
179,92,0.887591
160,98,0.878537
199,93,0.385658
193,98,0.74942
2056,106,0.424545
177,84,0.872702
123,96,0.542727
123,94,0.960553
125,108,0.684861
167,91,0.464881
180,105,0.511198
168,108,0.768679
191,97,0.499391
199,103,0.675663
185,98,0.88375
161,85,0.69807
193,106,0.501116
122,105,0.83164
198,85,0.593582
127,103,0.723822
158,90,0.099535
185,103,0.822655
191,92,0.890483
198,108,0.269478
120,103,0.828019
175,101,0.650147
165,108,0.916422
169,96,0.201546
169,92,0.970691
125,85,0.796274
174,91,0.462884
167,105,0.79673
187,96,0.233557
185,92,0.946066
190,96,0.499941
122,95,0.879019
130,94,0.609971
129,92,0.95448
171,97,0.938761
120,95,0.868696
130,92,0.711786
182,101,0.958626
175,108,0.654353
131,97,0.422709
121,101,0.795429
186,90,0.337805
131,94,0.616237
163,87,0.934566
131,84,0.672613
192,101,0.364278
184,97,0.091239
185,99,0.900359
193,86,0.881518
171,84,0.940367
129,97,0.100052
187,92,0.92871
131,106,0.150387
121,84,0.871953
164,87,0.84563
164,86,0.874731
200,94,0.88306
2056,94,0.833863
159,85,0.504196
185,108,0.904554
124,86,0.275698
188,89,0.444811
177,106,0.634862
158,101,0.575358
121,99,0.82866
162,101,0.839871
189,106,0.364605
195,93,0.261174
163,93,0.098669
175,93,0.605948
186,101,0.702944
194,91,0.503018
182,108,0.958748
170,95,0.783024
194,98,0.169972
77,70,0.70505
197,93,0.261174
193,95,0.633082
184,101,0.342778
2098,65,0.234378741
183,91,0.925663
130,86,0.657765
162,96,0.533568
192,106,0.100203
178,103,0.729512
130,106,0.150387
123,84,0.962073
126,99,0.844389
163,94,0.893682
116,77,0.908262108
197,84,0.373592
191,95,0.780788
122,103,0.673962
126,85,0.90867
2098,61,0.255685899
1710,63,0.904
170,84,0.864928
159,93,0.427789
1720,62,0.700231481
2094,67,0.824863847
86,66,0.792934783
2097,75,0.437947123
2102,70,0.642663043
88,62,0.855072464
1711,67,0.933
1701,70,0.867483296
174,86,0.909918
122,96,0.500524
172,87,0.809477
183,99,0.922578
198,105,0.25617
199,90,0.385658
128,93,0.100058
124,94,0.516134
120,96,0.59649
125,90,0.00243
199,106,0.385658
183,106,0.922578
177,98,0.850019
177,105,0.862894
187,90,0.396212
196,101,0.636811
124,101,0.371882
193,92,0.760685
124,91,0.251008
124,99,0.427575
130,98,0.129053
176,85,0.875416
180,87,0.683503
125,101,0.541765
176,97,0.5408
172,108,0.833457
130,84,0.665835
189,99,0.592249
167,95,0.779786
178,101,0.825874
196,105,0.493374
167,90,0.104217
168,101,0.681746
178,96,0.499378
167,92,0.886574
192,96,0.100347
129,98,0.180142
165,93,0.898274
158,87,0.767026
197,97,0.300093
172,85,0.884613
178,87,0.905996
181,92,0.922827
162,106,0.629653
189,98,0.758002
126,103,0.726468
183,84,0.924778
171,99,0.939015
122,90,0.521875
130,91,0.438535
189,92,0.803119
172,93,0.466444
191,99,0.743284
121,87,0.845983
165,97,0.898274
197,96,0.227103
175,95,0.6563
192,93,0.100203
122,92,0.95074
191,84,0.897421
193,108,0.454195
196,106,0.261174
195,105,0.484033
122,97,0.521867
125,96,0.226436
200,92,0.84887
2056,85,0.843463
190,92,0.787622
184,105,0.370365
192,95,0.375639
169,93,0.304611
163,85,0.906541
186,85,0.840467
177,91,0.801473
192,98,0.16892
167,99,0.802662
159,106,0.427789
176,87,0.842979
121,96,0.59649
159,92,0.506293
1722,57,0.470468432
1714,61,0.942775393
172,106,0.466444
1702,66,0.964330413
130,97,0.422709
180,97,0.257824
131,92,0.72054
63,61,0.988516896
121,91,0.768115
123,99,0.933398
83,56,0.517971443
161,86,0.72512
178,94,0.938088
128,99,0.59823
195,89,0.261174
188,88,0.444811
166,87,0.71443
166,95,0.751899
159,94,0.505516
164,103,0.851796
2056,97,0.575344
176,108,0.864223
188,98,0.703664
162,93,0.629653
164,85,0.884862
182,95,0.915283
164,90,0.445102
120,86,0.956358
188,96,0.827207
128,97,0.100149
163,86,0.944988
200,98,0.794898
182,90,0.613472
121,98,0.110562
120,91,0.839836
180,93,0.250676
164,101,0.856098
194,106,0.261174
182,92,0.963997
164,92,0.883326
163,106,0.098669
161,108,0.791906
166,93,0.699587
163,96,0.099303
181,99,0.862451
164,97,0.554895
188,87,0.930702
129,87,0.967452
182,103,0.949379
196,94,0.793803
160,97,0.518292
182,91,0.921394
124,105,0.408759
200,108,0.831267
197,85,0.519862
166,99,0.726519
128,84,0.849831
193,93,0.501116
170,99,0.835679
123,92,0.960658
178,86,0.949817
179,99,0.837582
165,85,0.916547
123,87,0.952529
188,86,0.893154
184,108,0.415342
168,92,0.687886
169,86,0.984635
184,87,0.777567
198,106,0.261174
130,90,0.150387
160,103,0.974929
161,84,0.770235
131,87,0.61785
175,99,0.653158
163,97,0.101448
126,96,0.464515
168,87,0.709879
171,106,0.938761
165,91,0.907931
125,87,0.80215
127,84,0.779789
190,87,0.747625
194,99,0.731134
129,103,0.237129
162,99,0.841381
180,95,0.600642
123,98,0.928045
172,96,0.502575
164,96,0.505557
198,90,0.261174
187,105,0.920693
130,85,0.586543
184,95,0.424819
2056,108,0.575057
127,101,0.736961
183,92,0.924425
163,105,0.895423
184,86,0.766917
125,84,0.795247
180,106,0.250676
197,105,0.243453
172,91,0.647534
181,93,0.208952
125,86,0.798485
178,91,0.813438
127,85,0.779911
120,93,0.009398
169,87,0.974611
187,98,0.568515
176,105,0.862704
191,106,0.500166
124,98,0.038406
166,106,0.699587
127,98,0.700754
189,84,0.841117
2056,88,0.424545
174,106,0.029618
174,92,0.894311
170,108,0.826218
122,98,0.919348
190,99,0.613939
168,96,0.511738
121,108,0.822432
194,105,0.510664
171,87,0.91985
189,86,0.899558
195,101,0.641524
191,87,0.815881
183,96,0.854482
189,97,0.487585
165,92,0.916293
128,95,0.552691
184,98,0.107296
182,99,0.950653
178,95,0.855686
121,95,0.815297
162,103,0.813164
176,92,0.873837
185,85,0.95266
176,96,0.499955
158,94,0.72564
185,96,0.540242
174,87,0.889955
159,96,0.350333
183,98,0.921503
194,103,0.402455
121,103,0.758388
185,87,0.945852
198,98,0.212399
181,95,0.892635
190,86,0.836562
125,98,0.016737
186,96,0.333994
168,97,0.57702
197,90,0.261174
174,95,0.729742
160,105,0.929687
170,86,0.857601
180,101,0.580515
169,97,0.304607
169,103,0.464401
194,96,0.227103
170,93,0.142988
184,91,0.242556
161,87,0.684333
197,87,0.394736
187,99,0.895971
181,85,0.92802
175,85,0.665615
193,105,0.192215
123,103,0.824985
120,85,0.946149
188,84,0.831059
2056,81,0.783788
169,106,0.304611
188,92,0.793415
191,94,0.886809
188,108,0.48761
170,98,0.246262
123,97,0.645518
163,84,0.930198
197,95,0.30545
127,90,0.702823
168,94,0.745589
126,87,0.884213
196,96,0.227103
192,86,0.695692
179,86,0.883915
159,97,0.427662
158,97,0.099854
190,97,0.499161
177,90,0.634862
123,90,0.35448
163,99,0.654585
161,97,0.662775
131,105,0.730457
125,106,0.00243
195,108,0.488959
158,106,0.099535
185,95,0.891157
172,99,0.724211
170,105,0.78891
186,92,0.834978
193,103,0.481404
169,94,0.966195
168,93,0.422977
196,108,0.488585
171,103,0.939015
162,85,0.8983
199,108,0.831273
166,103,0.716243
159,108,0.478389
169,105,0.983853
190,94,0.866892
169,85,0.985754
189,87,0.925069
121,97,0.759512
171,94,0.939696
130,95,0.609747
189,94,0.818942
163,98,0.193347
164,95,0.853908
129,106,0.100128
182,84,0.965324
174,97,0.133235
161,105,0.793052
127,86,0.742557
162,94,0.894307
164,99,0.858409
166,94,0.780748
197,106,0.261174
120,90,0.009398
165,95,0.910623
122,94,0.951389
179,108,0.876505
188,85,0.784014
199,84,0.855245
188,91,0.607939
180,91,0.456466
171,101,0.938761
194,89,0.261174
171,105,0.935633
170,101,0.821827
185,101,0.880752
184,96,0.091016
200,101,0.828096
187,86,0.929304
198,93,0.261174
163,95,0.67801
124,96,0.038168
195,97,0.300093
171,86,0.935216
171,108,0.939015
189,96,0.950612
196,90,0.261174
194,95,0.710141
195,106,0.261174
191,108,0.90201
185,86,0.972379
192,84,0.692532
187,103,0.583553
193,97,0.501104
121,105,0.81863
175,98,0.652924
199,98,0.797896
193,84,0.832802
160,90,0.518298
177,97,0.634855
160,106,0.518298
181,96,0.669381
166,96,0.580367
170,91,0.572755
193,96,0.745362
2056,90,0.424545
122,86,0.951526
129,99,0.671896
162,97,0.629646
131,99,0.655488
168,105,0.801104
182,105,0.918968
191,90,0.500166
185,90,0.358975
197,99,0.222539
199,94,0.888414
200,88,0.385668
180,103,0.39993
200,84,0.853525
120,84,0.946174
190,88,0.499993
164,91,0.82878
168,99,0.576885
183,101,0.922578
169,91,0.760596
162,90,0.629653
199,86,0.871177
185,94,0.945171
181,86,0.925905
193,87,0.914409
195,85,0.802338
188,90,0.444811
179,93,0.554324
176,98,0.818057
2056,105,0.685911
159,105,0.481988
177,96,0.533844
184,103,0.22974
184,94,0.753646
188,99,0.491464
187,91,0.55279
130,103,0.549492
181,91,0.839527
161,101,0.662777
195,103,0.396196
179,97,0.554322
194,108,0.483891
124,87,0.353734
126,108,0.881896
174,93,0.029618
186,86,0.835864
2056,92,0.791954
122,87,0.936789
129,101,0.612632
129,90,0.100128
180,84,0.686552
120,97,0.759512
193,94,0.668658
188,93,0.444811
197,101,0.22044
192,99,0.353565
200,93,0.385668
159,103,0.448098
194,86,0.875885
200,105,0.827126
174,103,0.318079
192,97,0.100175
174,85,0.902813
166,92,0.783777
158,86,0.76065
181,103,0.837721
158,84,0.748101
197,98,0.183445
2056,103,0.579846
179,84,0.889395
195,86,0.800475
166,98,0.729309
186,105,0.810606
171,93,0.938761
186,106,0.337805
200,97,0.614331
199,96,0.533791
188,101,0.229881
186,99,0.713841
196,89,0.261174
162,95,0.836969
2056,80,0.791954
123,108,0.937237
123,91,0.863788
158,93,0.099535
181,101,0.863679
167,84,0.894541
197,86,0.261435
159,86,0.427716
186,93,0.337805
126,95,0.849097
175,106,0.605948
161,98,0.600736
167,106,0.104217
169,95,0.835926
160,101,0.98159
125,105,0.666767
120,87,0.94818
192,108,0.368429
190,85,0.883787
181,105,0.88728
167,94,0.890369
165,87,0.888432
170,106,0.142988
198,103,0.250636
177,86,0.862243
127,87,0.711738
174,101,0.677276
122,106,0.521875
183,95,0.923871
200,95,0.831165
185,91,0.866961
126,90,0.016553
122,101,0.932776
189,88,0.364605
192,103,0.119853
162,98,0.837609
120,94,0.94504
182,98,0.954285
172,101,0.725074
197,91,0.304644
175,103,0.615401
169,90,0.304611
120,99,0.901428
124,97,0.040785
186,98,0.510603
166,86,0.782261
170,90,0.142988
177,85,0.872637
179,103,0.756172
178,90,0.498881
190,89,0.499993
184,99,0.420362
160,99,0.974902
125,93,0.00243
164,98,0.823589
176,91,0.759824
172,103,0.66909
131,96,0.247072
200,89,0.385668
183,93,0.922578
123,101,0.910598
193,90,0.501116
176,99,0.823479
158,96,0.099913
172,90,0.466444
158,103,0.239592
193,99,0.17591
160,85,0.98951
192,85,0.739247
2056,87,0.887624
164,84,0.884862
166,90,0.699587
128,103,0.275124
127,94,0.778748
128,96,0.099918
190,95,0.682099
171,90,0.938761
198,97,0.300093
179,94,0.887086
127,95,0.761769
195,87,0.799533
2056,93,0.424545
180,85,0.686552
192,94,0.735273
2056,84,0.824307
196,99,0.663398
165,99,0.913678
165,105,0.907125
169,101,0.894286
197,108,0.255562
171,98,0.931517
164,106,0.445102
159,90,0.427789
2056,98,0.842602
194,93,0.261174
199,89,0.385658
191,89,0.500166
128,87,0.808072
124,93,0.039455
189,90,0.364605
121,90,0.009398
184,106,0.090279
131,108,0.721572
200,86,0.87037
128,105,0.824829
2126,78,0.60743
2126,92,0.641898
171,85,0.940356
130,105,0.716288
2126,101,0.643465
174,108,0.8801
2126,79,0.490991
2126,90,0.352432
2126,91,0.495928
2126,95,0.506572
2126,97,0.468128
2126,103,0.61715
2126,105,0.622603
2126,83,0.696847
2126,85,0.661065
122,85,0.952423
2126,98,0.449884
2126,96,0.385396
2126,94,0.648338
2128,92,0.85833
2129,98,0.781946
2129,94,0.941539
2130,95,0.252398
2128,101,0.828012
2127,93,0.009458
2130,78,0.439014
2129,85,0.946272
2129,83,0.952521
2132,81,0.861078
2127,91,0.839126
2130,101,0.320611
2132,99,0.850675
2127,90,0.009458
2128,108,0.824401
2130,90,0.039177
2132,91,0.701439
2128,85,0.862513
2130,96,0.038612
2131,105,0.563086
2132,80,0.902688
2128,91,0.762755
2129,87,0.939454
2127,92,0.94453
2133,92,0.840402
2134,101,0.638991
2132,79,0.543497
2131,81,0.57571
2127,80,0.94453
2133,98,0.194556
2130,85,0.516171
2131,90,0.002441
2129,82,0.921536
2132,92,0.902688
2134,96,0.099854
2127,81,0.891984
2128,84,0.862271
2131,86,0.671703
2128,80,0.85833
2129,97,0.646998
2132,103,0.725811
2128,98,0.108752
2129,84,0.946404
2129,81,0.922156
2131,92,0.659263
2129,95,0.913736
2134,90,0.100027
2128,79,0.108506
2129,105,0.912633
2132,84,0.907755
2130,86,0.304805
2134,92,0.970732
2132,98,0.543495
2128,82,0.805739
1757,66,0.7322
2129,96,0.543751
2133,99,0.605204
2127,108,0.922271
2134,93,0.100027
2128,90,0.009458
2126,87,0.669146
2133,106,0.100142
2129,106,0.353
2128,103,0.783684
2128,81,0.805344
2133,80,0.840411
2130,81,0.353478
2131,79,0.016841
2133,108,0.782267
2133,79,0.147506
2131,99,0.509813
2134,98,0.1903
2129,78,0.905369
2131,103,0.359981
2129,91,0.871751
2126,86,0.655494
2127,99,0.915927
2127,84,0.948243
2127,97,0.759651
2132,83,0.91516
2134,87,0.974042
2131,94,0.664664
2131,106,0.002441
2132,95,0.83932
2134,95,0.677791
2134,97,0.099954
2130,99,0.341811
2131,84,0.675065
2131,96,0.225913
2127,106,0.009458
2130,106,0.039177
2131,78,0.605853
2129,80,0.942959
2128,83,0.888217
2132,106,0.016508
2132,97,0.543491
2133,90,0.100142
2127,87,0.953861
2132,87,0.885257
2133,84,0.854578
2128,105,0.808411
2128,99,0.839022
2128,106,0.009458
2131,91,0.440885
2129,86,0.951096
2134,99,0.653922
2130,83,0.359273
2131,95,0.5633
2133,93,0.100142
2133,85,0.840925
2128,78,0.80958
2134,106,0.100027
2131,98,0.016839
2131,85,0.676386
2127,98,0.108583
2133,83,0.812452
2130,98,0.039195
2132,101,0.822086
2128,94,0.861547
2131,101,0.440559
2134,105,0.961381
2126,84,0.650585
2132,93,0.016508
2132,94,0.903418
2129,101,0.893544
2133,95,0.523748
2131,97,0.32355
2129,79,0.914844
2131,93,0.002441
2130,84,0.547831
2134,86,0.978697
2131,82,0.576818
2128,97,0.759651
2133,103,0.270294
2130,79,0.04654
2133,105,0.802638
2133,101,0.61348
2133,81,0.691388
2126,106,0.352432
2126,108,0.664417
2130,97,0.040702
73,74,0.72955
1736,76,0.748697917
2130,87,0.270839
2131,108,0.582938
2128,95,0.80968
1715,74,0.8985
72,70,0.698951049
1717,60,0.713
1710,67,0.72
1740,66,0.913616398
1720,70,0.940972222
70,72,0.87616
1714,70,0.964234621
1740,65,0.920937042
1702,57,0.673028786
2134,85,0.973023
74,74,0.964663805
2133,78,0.832467
99,75,0.447663551
66,65,0.746460177
2127,82,0.892036
2127,96,0.596643
75,63,0.9353
1757,76,0.8184
65,65,0.659070796
1735,64,0.948484848
2131,83,0.639044
2126,93,0.352432
1731,66,0.993722707
2128,87,0.859982
2129,99,0.919876
1727,58,0.914234875
1711,66,0.963
2130,94,0.520131
2134,82,0.904838
2130,108,0.406789
2130,105,0.387018
2133,97,0.100416
2130,92,0.516033
2134,78,0.970484
2127,85,0.948364
2127,79,0.108418
2130,80,0.516033
2134,83,0.959532
2131,87,0.670059
2134,81,0.903083
2134,79,0.189898
2132,90,0.016508
2134,94,0.955227
2132,108,0.886129
2134,103,0.26816
2129,92,0.942959
2133,94,0.830665
2133,96,0.099956
2134,80,0.970732
2127,95,0.891342
2129,93,0.353
2126,81,0.626516
2132,85,0.907837
2130,103,0.111341
2130,91,0.144586
2130,82,0.355293
2128,86,0.868194
2127,83,0.958902
2126,80,0.641898
2133,86,0.857808
2130,93,0.039177
2128,96,0.596643
2132,78,0.861144
2134,108,0.942521
2132,82,0.861715
2153,98,0.692472
2153,80,0.883366
2150,80,0.69433
2132,105,0.867897
2127,94,0.946935
2132,96,0.463744
2150,78,0.689701
2149,103,0.524753
2153,84,0.888515
2152,105,0.789972
2127,101,0.926734
2127,103,0.828006
2133,82,0.694323
2152,85,0.77085
2149,80,0.6498
2151,85,0.529062
2131,80,0.659263
2152,80,0.766512
2149,86,0.633193
2150,108,0.727749
2153,96,0.533606
2150,85,0.711712
2149,82,0.692376
2150,95,0.514838
2149,106,0.149652
2127,86,0.959906
2150,92,0.69433
2153,105,0.847637
2150,106,0.099988
2151,103,0.419777
2150,81,0.67407
2129,108,0.931876
2152,92,0.766512
2151,82,0.471517
2150,93,0.099988
2126,82,0.628437
2150,86,0.716881
2151,79,0.346372
2152,106,0.662082
2153,83,0.89348
2149,101,0.422863
2126,99,0.602919
2153,108,0.868395
2153,101,0.830793
2152,108,0.763471
2152,98,0.616686
2153,78,0.851522
2153,103,0.812934
2151,92,0.527796
2151,87,0.540093
2152,97,0.662081
2149,91,0.431071
2153,90,0.630221
2151,93,0.426197
2152,78,0.813678
2151,83,0.544777
2151,97,0.426089
2152,96,0.552577
2128,93,0.009458
2150,97,0.099474
2149,85,0.591093
2152,79,0.693686
2150,101,0.496692
2150,94,0.69679
2153,87,0.852226
2150,99,0.492091
2153,97,0.630219
2153,106,0.630221
2153,92,0.883366
2152,90,0.662082
2149,92,0.6498
2149,99,0.61138
2151,105,0.507957
2151,81,0.471788
2149,90,0.149652
2153,85,0.888463
2152,93,0.662082
2149,108,0.693664
2149,98,0.111408
2151,95,0.467538
2150,87,0.726579
2149,95,0.602907
2153,91,0.769079
2149,78,0.743057
2150,83,0.678356
2149,94,0.582502
2149,93,0.149652
2152,101,0.662082
2151,80,0.527796
2150,79,0.180066
2149,81,0.691767
2150,98,0.15898
2151,101,0.508644
2153,95,0.808192
2133,87,0.847104
2151,78,0.511701
2152,81,0.71505
2151,99,0.49311
2127,78,0.846063
2153,81,0.851116
2152,94,0.746206
2151,108,0.505986
2150,84,0.717145
2151,94,0.526186
2149,105,0.717123
2129,103,0.826993
2149,97,0.423136
2152,82,0.716796
2153,86,0.890586
2149,87,0.583963
2153,99,0.831755
2153,82,0.851662
2151,98,0.319607
2149,79,0.115039
2152,95,0.744413
2150,90,0.099988
2151,84,0.529062
2129,90,0.353
2151,96,0.355089
2151,91,0.44401
2150,105,0.662527
2151,86,0.530129
2153,93,0.630221
2149,84,0.631763
2150,103,0.204962
2152,99,0.784852
2150,82,0.674339
2152,91,0.668481
2149,96,0.247266
2151,106,0.426197
2132,86,0.910445
2127,105,0.843211
2153,79,0.82285
2149,83,0.456595
2134,84,0.97873
2153,94,0.882463
2152,103,0.774418
2151,90,0.426197
2150,96,0.100085
2133,91,0.418011
2155,79,0.839455
2166,105,0.320733
2167,90,0.338402
2163,103,0.757981
2156,82,0.729465
2167,81,0.830041
2157,80,0.81511
2166,97,0.091107
2165,101,0.842088
2163,85,0.887975
2154,96,0.505569
2158,93,0.421938
2158,91,0.683144
2166,106,0.091003
2162,95,0.8294
2168,83,0.885919
2167,106,0.338402
2163,99,0.835862
2157,97,0.10414
2165,92,0.915204
2166,95,0.313543
2164,96,0.250864
2168,93,0.396504
2156,93,0.699774
2160,85,0.823037
2154,93,0.445992
2166,80,0.696342
2159,87,0.975538
2155,101,0.898149
2156,106,0.699774
2168,80,0.920899
2158,106,0.421938
2160,86,0.828145
2165,81,0.887305
2160,90,0.467462
2168,101,0.458001
2167,83,0.889772
2156,99,0.723769
2168,84,0.924861
2166,96,0.091383
2156,79,0.597689
2155,78,0.790005
2152,83,0.67543
2155,99,0.893888
2159,79,0.468498
2157,108,0.79231
2160,106,0.467462
2163,79,0.782583
2158,81,0.706807
2168,92,0.920899
2166,78,0.36995
2159,86,0.984561
2155,85,0.904188
2157,79,0.180562
2164,83,0.708116
2157,105,0.762389
2154,81,0.859896
2168,99,0.885556
2163,92,0.879964
2164,101,0.575
2162,94,0.880848
2166,81,0.356782
2166,108,0.320998
2157,96,0.099721
2156,105,0.764961
2162,79,0.738838
2157,98,0.175188
2166,79,0.090928
2155,105,0.517533
2162,82,0.848563
2168,98,0.567483
2166,92,0.696342
2166,103,0.17302
2168,97,0.396503
2155,92,0.90283
2164,99,0.555238
2164,98,0.254867
2158,98,0.511946
2163,81,0.844843
2167,97,0.338333
2164,94,0.65413
2162,91,0.759877
2158,90,0.421938
2157,90,0.104046
2164,103,0.413895
2165,90,0.207817
2165,99,0.87983
2167,87,0.81975
2154,91,0.809026
2165,80,0.915204
2164,105,0.461949
2162,87,0.849745
2167,95,0.762755
2166,99,0.348921
2159,94,0.973154
2159,84,0.984602
2166,98,0.101953
2164,80,0.660355
2167,101,0.746892
2166,90,0.091003
2155,103,0.89105
2162,86,0.882193
2165,87,0.883578
2154,80,0.877788
2156,90,0.699774
2164,108,0.56413
2163,94,0.880731
2154,99,0.865372
2156,84,0.782294
2154,85,0.883238
2162,84,0.882
2165,86,0.92274
2163,108,0.875014
2159,81,0.96352
2164,84,0.679646
2157,85,0.838206
2167,86,0.880206
2164,90,0.250735
2155,95,0.898972
2166,83,0.568016
2159,108,0.972812
2155,87,0.905607
2162,80,0.879734
2160,96,0.502071
2162,105,0.866731
2162,81,0.848094
2166,101,0.290235
2165,98,0.729986
2156,85,0.782544
2168,79,0.585602
2157,95,0.657935
2165,96,0.671005
2157,94,0.816653
2165,85,0.920158
2156,108,0.769405
2166,82,0.356905
2158,80,0.678892
2162,83,0.88888
2154,86,0.877009
2155,96,0.810723
2157,91,0.516222
2154,92,0.877788
2154,84,0.883238
2156,97,0.699771
2159,92,0.978276
2159,106,0.304589
2166,94,0.692889
2158,85,0.776568
2167,96,0.333765
2154,94,0.878978
2165,94,0.913959
2165,95,0.884415
2163,105,0.864041
2164,93,0.250735
2157,87,0.858646
2160,94,0.797949
2164,91,0.441562
2160,79,0.724903
2160,81,0.745263
2162,103,0.757223
2158,79,0.53477
2158,108,0.769498
2168,105,0.918638
2167,79,0.56881
2156,92,0.776996
2164,82,0.567496
2166,91,0.171184
2168,85,0.924968
2165,78,0.876983
2164,86,0.674868
2154,97,0.554006
2166,85,0.710735
2168,96,0.233873
2164,79,0.254707
2162,92,0.879734
2156,91,0.717526
2155,81,0.901218
2154,106,0.445992
2158,101,0.698365
2167,108,0.872725
2156,81,0.728744
2158,105,0.781063
2159,91,0.742728
2162,78,0.868016
2155,93,0.898149
2167,80,0.872514
2154,90,0.445992
2163,80,0.879964
2168,94,0.916371
2154,87,0.858516
2160,108,0.787467
2166,87,0.697271
2168,90,0.396504
2163,82,0.845303
2163,78,0.866734
2163,95,0.843946
2165,97,0.792182
2155,86,0.906349
2164,92,0.660355
2160,84,0.823779
2165,79,0.836625
2158,92,0.678892
2165,106,0.207817
2156,94,0.775386
2165,84,0.920201
2163,87,0.85263
2159,83,0.98533
2165,103,0.839735
2157,84,0.835515
2166,93,0.091003
2163,86,0.883463
2167,84,0.886936
2156,83,0.783779
2163,96,0.506399
2155,84,0.904188
2168,86,0.924854
2167,99,0.742822
2164,78,0.483427
2160,95,0.755389
2158,96,0.511949
2156,101,0.72482
2164,81,0.566263
2156,96,0.579756
2168,95,0.881986
2159,82,0.963828
2164,106,0.250735
2168,78,0.928336
2156,87,0.705427
2175,94,0.292035
2170,101,0.008909
2226,91,0.3336
2248,94,0.927003
2222,96,0.651613
2200,86,0.892831
2249,84,0.905224
2197,106,0.444928
2199,82,0.715
2190,101,0.1
2176,87,0.626087
2174,94,0.6305
2171,93,0.522215
2221,93,0.250591
2224,91,0.075758
2210,106,0.735294
2227,81,0.82
2230,93,0.28125
2215,93,0.324503
2177,103,0
2192,81,0.990153
2179,91,0.4576
2233,81,0.5
2194,101,0.590818
2194,108,0.587963
2199,97,0.7
2252,82,0.972946
2218,81,0.840136
2230,101,0.28125
2214,82,0.484848
2206,95,0.607143
2240,92,0.972136
2245,97,0.306604
2252,96,0.549637
2247,86,0.000239
2226,79,0.4036
2225,96,0.279202
2220,98,0.492593
2191,103,0.429735
2191,90,0.42702
2240,82,0.978328
2184,105,0.1
2179,108,0.4608
2204,108,0.574459
2205,86,0.723958
2190,82,0.8195
2195,90,0.630435
2210,105,0.735294
2178,90,0.013514
2240,96,0.956656
2176,103,0.42029
2221,80,0.413712
2182,85,0.815
2186,99,0.1
2174,80,0.63455
2201,91,0.575926
2163,106,0.555946
2226,101,0.666
2225,91,0.501425
2201,87,0.685185
2176,101,0.42029
2213,103,0.240439
2197,90,0.444928
2251,94,0.513587
2247,79,0.000239
2199,93,0.7
2184,93,0.1
2213,84,0.661129
2241,79,0.99531
2186,101,0.1
2245,98,0.429245
2195,78,0.766304
2229,82,0.748108
2232,108,0.5
2173,97,0.539823
2252,84,0.976172
2237,79,0.418033
2225,98,0.569801
2245,99,0.371968
2240,103,0.978328
2224,93,0.090909
2212,87,0.785714
2198,103,0.913576
2183,103,0.655222
2195,98,0.51087
2167,105,0.841994
2204,84,0.780087
2223,103,0.613793
2249,93,0.906716
2190,91,0.2
2193,86,0.703804
2193,95,0.660326
2217,85,0.862213
2183,105,0.655222
2221,94,0.429078
2190,85,0.8475
2243,91,0.65
2196,99,0.676512
2235,91,0.426036
2225,83,0.854701
2196,86,0.894128
2189,85,0.811343
2239,92,0.933333
2193,85,0.673913
2193,108,0.663043
2184,94,0.9245
2186,81,0.7025
2188,95,0.8185
2193,99,0.663043
2198,79,0.839028
2233,101,0.451613
2218,106,0.639456
2240,97,0.978328
2228,87,0.851485
2172,97,0.631579
2227,94,0.94
2184,97,0.1
2198,83,0.951032
2249,98,0.83209
2248,103,0.099658
2227,99,0.333333
2201,98,0.811111
2175,92,0.424779
2240,83,0.975232
2210,81,0.732026
2234,80,0.511574
2229,97,0.652873
2170,97,0.760579
2212,82,0.642857
2225,87,0.877493
2242,82,0.684492
2180,84,0.111
2215,85,0.443709
2243,108,0.675
2199,103,0.7
2250,90,0.771845
2248,101,0.099658
2232,95,0.5
2219,99,0.5
2221,105,0.250591
2240,93,0.978328
2202,81,0.688889
2171,90,0.522215
2226,108,0.747
2204,93,0.142857
2162,90,0.541436
2156,78,0.766185
2201,82,0.646296
2197,81,0.824638
2229,90,0.347102
2170,86,0.691537
2186,82,0.7995
2243,85,0.675
2194,91,0.81412
2157,82,0.788086
2169,105,0.008909
2218,86,0.962585
2241,85,0.994371
2244,79,0.635641
2170,94,0.261693
2181,78,0.72028
2192,99,0.536928
2184,82,0.8825
2178,103,0.013514
2190,87,0.9205
2251,105,0.244565
2186,90,0.1
2195,85,0.779891
2193,83,0.668478
2211,91,0.785264
2197,91,0.552174
2180,86,0.1985
2192,82,0.990276
2235,80,0.39645
2163,97,0.555934
2227,84,0.933333
2251,87,0.36413
2170,98,0.109131
2211,83,0.994132
2232,101,0.5
2250,106,0.771845
2189,87,0.917245
2242,94,0.695187
2215,92,0.470199
2235,81,0.585799
2247,106,0.000239
2170,83,0.821826
2209,93,0.029283
2214,96,0.371212
2246,83,0.791602
2218,80,0.884354
2206,82,0.785714
2157,83,0.881047
2171,99,0.738736
2229,99,0.715973
2236,108,0.5
2224,86,0.623232
2180,101,0.1
2181,83,0.678322
2215,81,0.496689
2178,96,0.5
2247,92,0.21786
2203,78,0.907104
2217,86,0.340292
2247,78,0.218339
2240,86,0.962848
2182,101,0.1
2170,95,0.820713
2201,83,0.5
2211,93,0.605955
2251,80,0.516304
2193,98,0.51087
2201,94,0.572222
2156,80,0.776996
2212,98,0.392857
2169,101,0.008909
2224,101,0.090909
2172,106,0.350877
2236,85,0.384259
2160,97,0.532534
2215,96,0.92053
2189,95,0.702546
2246,105,0.709331
2192,98,0.895372
2214,85,0.583333
2223,105,0.613793
2179,81,0.8624
2211,78,0.828081
2186,84,0.7325
2247,87,0.001676
2196,101,0.629004
2196,84,0.881317
2179,86,0.7856
2250,85,0.798544
2234,78,0.511574
2212,81,0.642857
2176,95,0.571014
2227,108,0.333333
2240,84,0.972136
2206,81,0.77381
2227,105,0.333333
2236,80,0.5
2216,87,0.818482
2218,96,0.996599
2219,94,0.7
2170,87,0.691537
2215,103,0.324503
2194,106,0.333333
2250,96,0.985437
2195,84,0.779891
2245,80,0.466981
2252,91,0.903495
2228,83,0.524752
2204,85,0.780087
2232,97,0.5
2219,84,0.7
2241,82,0.99531
2227,83,0.933333
2182,92,0.8015
2214,91,0.295455
2172,92,0.701754
2213,94,0.947649
2212,92,0.607143
2194,90,0.333333
2199,79,0.533
2221,85,0.439716
2163,83,0.891734
2220,94,0.818519
2175,80,0.424779
2249,94,0.906716
2229,94,0.730148
2220,78,0.825926
2247,101,0.125209
2209,79,0.032211
2210,96,0.787582
2236,86,0.439815
2236,91,0.5
2248,105,0.082799
2180,99,0.1
2221,78,0.416076
2217,91,0.817328
2244,81,0.819213
2179,92,0.8064
2227,97,0.333333
2217,98,0.652401
2233,106,0.451613
2181,82,0.723776
2227,95,0.906667
2249,91,0.90597
2203,92,0.907104
2203,98,0.265027
2175,82,0.464602
2193,105,0.663043
2252,98,0.959076
2173,96,0.353982
2242,108,0.550802
2250,99,0.771845
2226,85,0.799
2252,81,0.972972
2178,85,0.790541
2177,91,0.297561
2170,81,0.880846
2198,82,0.941166
2233,84,0.483871
2158,103,0.707505
2173,79,0.39823
2190,108,0.1
2201,108,0.422222
2225,85,0.763533
2195,99,0.630435
2237,97,0.393443
2252,105,0.946223
2174,83,0.6346
2241,90,0.99531
2237,95,0.5
2246,101,0.727216
2233,96,0.41129
2241,106,0.99531
2229,92,0.73152
2219,108,0.5
2213,99,0.389342
2216,108,0.544554
2223,81,0.901149
2171,108,0.614205
2237,98,0.401639
2193,79,0.619565
2239,90,0.933333
2225,103,0.358974
2214,106,0.386364
2239,108,0.933333
2250,103,0.771845
2232,99,0.5
2214,95,0.462121
2199,106,0.7
2234,99,0.5
2201,79,0.8
2224,97,0.090909
2162,98,0.593348
2212,93,0.5
2169,91,0.760579
2251,92,0.516304
2220,103,0.555556
2195,97,0.619565
2225,105,0.358974
2240,81,0.978328
2224,84,0.566667
2203,85,0.885246
2223,79,0.848276
2172,101,0.350877
2226,82,0.7934
2189,92,0.820023
2174,95,0.253
2194,105,0.517515
2192,93,0.517971
2158,99,0.577888
2235,95,0.420118
2167,85,0.886759
2169,97,0.760579
2196,79,0.192349
2219,105,0.5
2167,82,0.829936
2224,83,0.60202
2175,105,0.004425
2180,81,0.896
2227,82,0.82
2202,93,0.711111
2240,98,0.978328
2189,90,0.700231
2227,86,0.946667
2236,79,0.002315
2251,79,0.27038
2223,101,0.613793
2195,95,0.638587
2172,93,0.350877
2206,79,0.425595
2228,97,0.405941
2207,103,0.466346
2230,95,0.65625
2197,95,0.682609
2213,91,0.518182
2197,79,0.756522
2229,93,0.347102
2172,79,0.614035
2237,91,0.393443
2234,91,0.5
2156,86,0.773895
2242,91,0.534759
2230,103,0.28125
2210,92,0.72549
2243,80,0.7
2170,93,0.008909
2198,93,0.89768
2220,80,0.825926
2191,84,0.545825
2198,108,0.913028
2186,105,0.1
2184,91,0.227
2180,95,0.9045
2234,94,0.506944
2173,93,0.542035
2177,80,0.473171
2216,105,0.544554
2211,108,0.176701
2169,92,0.759465
2250,95,0.779126
2196,95,0.660854
2180,78,0.1
2252,86,0.978662
2199,96,0.57
2158,78,0.828267
2182,108,0.1
2207,94,0.716346
2173,84,0.597345
2219,86,0.6
2242,78,0.71123
2198,101,0.924356
2186,83,0.8555
2226,78,0.8008
2226,94,0.7964
2189,96,0.599537
2232,106,0.5
2179,84,0.8112
2252,99,0.955647
2181,93,0.702797
2168,91,0.544452
2222,82,0.8
2202,101,0.711111
2217,93,0.346555
2224,99,0.090909
2194,84,0.900231
2246,96,0.187558
2202,79,0.7
2219,80,0.7
2182,78,0.8015
2177,95,0.482927
2216,83,0.805281
2188,81,0.875
2196,90,0.098577
2181,86,0.667832
2205,90,0.651042
2181,85,0.688811
2246,94,0.793313
2235,82,0.585799
2168,108,0.920024
2244,101,0.796302
2180,106,0.1
2212,83,0.571429
2211,99,0.176701
2189,106,0.700231
2197,83,0.833333
2185,108,0.152381
2246,91,0.312442
2192,103,0.536928
2239,85,0.933333
2168,81,0.922559
2222,94,0.767742
2247,85,0.237252
2184,87,0.944
2165,108,0.894834
2233,108,0.451613
2235,98,0.39645
2228,106,0.405941
2211,85,0.927624
2203,95,0.538251
2211,92,0.916975
2213,87,0.522884
2232,80,0.5
2236,81,0.5
2244,82,0.820052
2198,94,0.922711
2219,90,0.5
2159,103,0.492885
2226,95,0.5798
2163,84,0.888008
2224,105,0.090909
2192,85,0.98486
2196,93,0.098577
2229,101,0.71008
2202,90,0.711111
2223,82,0.901149
2180,83,0.686
2229,81,0.747726
2182,91,0.216
2223,83,0.924138
2199,92,0.731
2189,83,0.822338
2189,91,0.700231
2204,98,0.14329
2222,103,0.206452
2200,78,0.85817
2200,81,0.944414
2209,101,0.029283
2225,99,0.358974
2191,83,0.758995
2182,83,0.863
2199,105,0.7
2220,92,0.825926
2197,99,0.444928
2228,79,0.29703
2167,91,0.640436
2220,79,0.555556
2239,95,0.866667
2212,90,0.5
2170,99,0.008909
2207,90,0.466346
2213,83,0.852665
2188,82,0.8975
2194,97,0.333102
2249,80,0.904478
2173,106,0.542035
2248,96,0.999394
2203,81,0.863388
2215,80,0.470199
2226,87,0.8052
2167,93,0.338402
2177,99,0
2241,91,0.99531
2171,91,0.645494
2251,86,0.36413
2206,90,0.425595
2170,91,0.760579
2240,101,0.978328
2179,79,0.0768
2182,86,0.7865
2243,95,0.6375
2242,85,0.705882
2200,83,0.905932
2191,79,0.617787
2154,105,0.827849
2183,86,0.957082
2202,84,0.655556
2174,85,0.6333
2176,86,0.628986
2178,84,0.790541
2217,96,0.997912
2178,83,0.790541
2248,95,0.419768
2180,108,0.1
2237,94,0.434426
2176,79,0.82029
2169,94,0.759465
2228,98,0.366337
2235,99,0.497041
2229,87,0.714728
2202,95,0.677778
2184,106,0.1
2228,108,0.405941
2179,80,0.8064
2204,78,0.778788
2155,83,0.912029
2239,94,0.933333
2232,83,0.203704
2250,105,0.771845
2193,93,0.663043
2232,96,0.002315
2251,108,0.244565
2178,79,0.547297
2248,91,0.5463
2212,85,0.535714
2218,99,0.639456
2223,108,0.613793
2176,99,0.42029
2247,94,0.211635
2207,81,0.663462
2190,103,0.1
2157,106,0.104046
2214,108,0.386364
2203,106,0.306011
2178,81,0.743243
2204,91,0.128571
2181,97,0.692308
2248,85,0.991374
2211,101,0.176701
2198,105,0.867714
2189,79,0.700231
2245,101,0.378032
2233,78,0.451613
2216,80,0.825083
2200,82,0.944414
2223,87,0.928736
2199,87,0.711
2196,82,0.954448
2194,85,0.906559
2169,82,0.917595
2205,84,0.716146
2227,78,0.94
2194,94,0.904398
2221,79,0.264775
2196,80,0.881317
2203,101,0.306011
2251,78,0.525815
2206,85,0.809524
2215,86,0.370861
2243,90,0.675
2219,78,0.7
2222,98,0.677419
2226,83,0.8158
2218,78,0.884354
2227,93,0.333333
2250,94,0.796117
2177,97,0.297561
2173,98,0.362832
2173,78,0.566372
2172,95,0.754386
2205,83,0.731771
2243,83,0.6625
2180,85,0.7065
2228,84,0.841584
2239,93,0.933333
2203,99,0.306011
2226,93,0.3384
2202,108,0.711111
2235,86,0.508876
2217,108,0.346555
2236,106,0.5
2175,91,0.247788
2160,91,0.696837
2212,94,0.535714
2210,86,0.679739
2239,101,0.933333
2218,94,0.887755
2174,99,0.6119
2189,99,0.741898
2180,103,0.1
2197,105,0.444928
2232,79,0.002315
2234,101,0.5
2217,103,0.346555
2218,85,0.87415
2178,98,0.547297
2236,98,0.009259
2219,81,0.5
2171,105,0.580413
2157,93,0.104046
2230,98,0.6875
2204,99,0.595238
2237,108,0.483607
2199,78,0.735
2176,108,0.42029
2190,106,0.1
2229,84,0.74102
2221,97,0.237589
2231,106,0.254717
2177,83,0.507317
2177,94,0.453659
2200,80,0.870997
2241,105,0.994371
2214,81,0.484848
2210,94,0.732026
2180,79,0.1995
2163,90,0.555946
2189,86,0.899884
2177,90,0
2205,93,0.651042
2177,108,0
2222,87,0.812903
2219,93,0.5
2227,106,0.333333
2219,82,0.5
2178,106,0.013514
2205,87,0.690104
2205,98,0.549479
2200,84,0.879367
2233,85,0.483871
2232,94,0.493056
2200,103,0.345342
2227,103,0.333333
2222,79,0.703226
2223,80,0.903448
2220,82,0.792593
2236,84,0.384259
2228,78,0.871287
2207,92,0.721154
2226,84,0.799
2173,91,0.539823
2178,86,0.763514
2157,99,0.679378
2232,92,0.5
2247,98,0.000239
2200,87,0.898563
2202,97,0.7
2247,103,0.144123
2233,95,0.508065
2200,96,0.102893
2199,108,0.7
2171,98,0.831039
2204,97,0.128571
2198,98,0.862781
2202,83,0.666667
2184,80,0.922
2157,92,0.81511
2194,79,0.015355
2226,90,0.3384
2179,94,0.792
2236,99,0.5
2233,79,0.451613
2226,97,0.3336
2216,106,0.544554
2248,79,0.099658
2157,81,0.787465
2239,78,0.933333
2244,78,0.824188
2180,87,0.485
2249,90,0.906716
2245,95,0.328167
2169,81,0.917595
2207,82,0.745192
2236,92,0.5
2197,84,0.813043
2226,92,0.8008
2174,101,0.5709
2221,103,0.250591
2246,99,0.741835
2251,83,0.419837
2203,79,0.191257
2222,86,0.812903
2233,94,0.403226
2187,108,0.152381
2205,85,0.716146
2203,93,0.306011
2190,96,0.9955
2221,108,0.250591
2220,101,0.555556
2205,101,0.651042
2205,97,0.643229
2235,106,0.497041
2169,79,0.111359
2219,98,0.6
2157,78,0.766829
2251,101,0.244565
2205,105,0.651042
2236,83,0.1875
2207,79,0.548077
2232,82,0.37963
2215,97,0.324503
2177,106,0
2232,93,0.5
2228,80,0.871287
2223,106,0.613793
2219,92,0.7
2207,105,0.466346
2251,90,0.244565
2207,84,0.711538
2178,93,0.013514
2233,92,0.443548
2203,105,0.306011
2228,82,0.722772
2200,85,0.879276
2218,97,0.639456
2177,105,0
2220,96,0.492593
2240,85,0.972136
2198,81,0.940435
2221,101,0.250591
2173,81,0.557522
2210,83,0.722222
2235,78,0.426036
2176,92,0.55942
2214,80,0.613636
2251,85,0.516304
2230,96,0.59375
2199,95,0.694
2244,94,0.829655
2239,91,0.866667
2207,96,0.995192
2232,78,0.5
2226,80,0.8008
2162,97,0.541434
2167,98,0.553713
2192,80,0.984367
2215,98,0.490066
2178,92,0.756757
2189,103,0.700231
2201,80,0.492593
2221,99,0.250591
2204,81,0.901732
2204,86,0.830303
2215,82,0.496689
2155,80,0.90283
2225,108,0.358974
2211,95,0.929798
2202,96,0.633333
2248,78,0.301255
2175,97,0.247788
2198,84,0.920884
2245,96,0.516173
2242,106,0.550802
2249,99,0.91194
2172,108,0.350877
2165,105,0.875078
2248,87,0.752067
2194,99,0.581559
2232,103,0.5
2233,97,0.403226
2175,101,0.004425
2243,81,0.7
2178,99,0.013514
2246,93,0.238103
2233,91,0.403226
2195,83,0.63587
2155,91,0.898135
2220,93,0.555556
2209,85,0.884334
2223,98,0.790805
2224,87,0.653535
2246,98,0.309487
2240,106,0.978328
2217,97,0.652401
2242,103,0.550802
2193,101,0.663043
2192,92,0.984367
2250,93,0.771845
2240,87,0.972136
2217,101,0.346555
2186,98,0.1995
2202,87,0.644444
2188,101,0.1
2219,79,0.5
2210,108,0.735294
2174,103,0.15015
2239,79,0.866667
2203,80,0.907104
2233,90,0.451613
2225,80,0.77208
2198,86,0.922163
2191,94,0.553971
2204,80,0.778355
2178,91,0.540541
2194,96,0.239352
2240,108,0.978328
2207,86,0.865385
2178,101,0.013514
2213,79,0.480878
2177,84,0.468293
2170,80,0.762806
2239,81,0.866667
2197,82,0.837681
2204,94,0.782684
2215,91,0.324503
2173,108,0.542035
2235,92,0.39645
2212,79,0.5
2213,106,0.240439
2222,101,0.206452
2211,84,0.9198
2215,106,0.324503
2250,82,0.771845
2235,96,0.402367
2222,97,0.787097
2177,96,0.629268
2199,86,0.743
2235,94,0.426036
2217,80,0.724426
2169,103,0.008909
2171,87,0.775657
2176,80,0.55942
2233,105,0.451613
2220,108,0.555556
2190,79,0.199
2181,91,0.692308
2222,92,0.8
2205,108,0.651042
2251,99,0.244565
2247,96,0.206368
2213,98,0.480878
2215,101,0.324503
2234,81,0.539352
2235,87,0.508876
2202,80,0.666667
2219,85,0.7
2232,87,0.391204
2227,85,0.933333
2227,90,0.333333
2190,98,0.1995
2154,83,0.889796
2219,106,0.5
2235,93,0.497041
2228,91,0.405941
2215,78,0.476821
2177,92,0.473171
2190,81,0.745
2209,87,0.891654
2223,84,0.910345
2223,97,0.611494
2243,97,0.65
2206,98,0.425595
2202,78,0.622222
2197,101,0.444928
2199,98,0.57
2188,91,0.199
2200,98,0.104985
2174,79,0.03865
2223,99,0.613793
2235,84,0.461538
2226,98,0.4296
2209,92,0.896047
2210,78,0.72549
2197,87,0.846377
2223,85,0.910345
2233,103,0.451613
2203,108,0.306011
2200,93,0.103985
2197,80,0.801449
2220,106,0.555556
2176,97,0.571014
2207,85,0.711538
2218,84,0.87415
2219,103,0.5
2199,85,0.732
2199,90,0.7
2251,81,0.480978
2178,87,0.763514
2220,91,0.544444
2216,99,0.544554
2251,103,0.244565
2199,99,0.7
2210,95,0.722222
2232,105,0.5
2236,94,0.493056
2227,92,0.94
2176,81,0.553623
2226,99,0.6546
2197,94,0.808696
2223,95,0.832184
2226,105,0.7118
2210,103,0.735294
2222,91,0.787097
2177,86,0.395122
2233,83,0.483871
2203,82,0.863388
2251,95,0.349185
2223,94,0.901149
2215,87,0.370861
2203,94,0.92623
2215,84,0.443709
2221,81,0.630024
2199,91,0.7
2227,98,0.473333
2220,95,0.581481
2228,95,0.49505
2176,105,0.42029
2243,94,0.675
2221,82,0.625296
2243,98,0.5875
2239,80,0.933333
2157,103,0.276968
2178,94,0.743243
2203,86,0.89071
2221,106,0.250591
2234,95,0.5
2207,98,0.706731
2234,92,0.511574
2232,86,0.391204
2227,80,0.94
2202,98,0.566667
2221,95,0.373522
2210,99,0.735294
2203,87,0.89071
2228,86,0.851485
2203,96,0.420765
2207,93,0.466346
2205,78,0.729167
2233,87,0.419355
2234,86,0.449074
2243,87,0.6875
2234,105,0.5
2202,92,0.666667
2205,96,0.549479
2220,99,0.555556
2183,97,0.652361
2217,94,0.732777
2183,83,0.95279
2234,82,0.541667
2228,92,0.871287
2218,92,0.884354
2171,81,0.81164
2221,86,0.390071
2207,95,0.615385
2197,97,0.552174
2217,82,0.901879
2222,105,0.206452
2232,85,0.388889
2210,101,0.735294
2223,92,0.903448
2218,98,0.996599
2218,87,0.962585
2183,82,0.957082
2176,98,0.878261
2226,86,0.8112
2235,108,0.497041
2251,96,0.392663
2171,84,0.949312
2220,97,0.544444
2215,83,0.470199
2176,106,0.42029
2235,90,0.497041
2176,83,0.637681
2233,80,0.443548
2157,101,0.657008
2217,87,0.341336
2210,82,0.735294
2217,95,0.652401
2217,79,0.652401
2221,96,0.257683
2178,108,0.013514
2218,108,0.639456
2234,85,0.467593
2215,90,0.324503
2183,96,0.632332
2218,93,0.639456
2207,83,0.721154
2239,98,0.8
2251,82,0.483696
2220,90,0.555556
2239,99,0.933333
2239,105,0.933333
2207,78,0.721154
2251,91,0.346467
2226,103,0.4872
2176,93,0.42029
2235,83,0.426036
2232,81,0.5
2178,105,0.013514
2182,103,0.1
2235,103,0.497041
2200,99,0.809589
2219,97,0.5
2220,81,0.792593
2177,87,0.395122
2202,106,0.711111
2239,103,0.933333
2222,85,0.8
2239,82,0.866667
2216,94,0.831683
2234,97,0.5
2197,92,0.801449
2182,84,0.777
2230,99,0.28125
2215,94,0.463576
2222,80,0.8
2202,91,0.7
2228,81,0.722772
2183,108,0.655222
2230,82,0.71875
2217,92,0.724426
2197,108,0.444928
2230,83,0.75
2222,81,0.8
2227,101,0.333333
2218,91,0.639456
2218,82,0.857143
2232,98,0.009259
2207,108,0.466346
2200,97,0.092613
2200,92,0.870997
2217,90,0.346555
2216,84,0.811881
2228,101,0.405941
2182,80,0.8015
2237,92,0.418033
2222,90,0.206452
2207,99,0.466346
2234,98,0.011574
2217,83,0.989562
2176,82,0.571014
2216,82,0.79868
2216,93,0.544554
2157,86,0.832815
2234,96,0.002315
2234,84,0.467593
2199,80,0.731
2222,84,0.8
2239,96,0.866667
2205,82,0.705729
2182,94,0.796
2197,85,0.808696
2234,79,0.148148
2235,85,0.461538
2235,101,0.497041
2219,91,0.5
2183,79,0.373391
2202,94,0.633333
2205,106,0.651042
2230,94,0.65625
2171,82,0.891114
2230,86,0.40625
2232,90,0.5
2237,99,0.483607
2239,86,0.933333
2220,83,0.82963
2210,98,0.784314
2183,94,0.961373
2234,87,0.449074
2218,105,0.639456
2237,85,0.418033
2171,85,0.97184
2171,97,0.522215
2217,106,0.346555
2171,103,0.56164
2251,93,0.237772
2228,93,0.405941
2223,86,0.935632
2216,79,0.561056
2179,78,0.8112
2243,103,0.675
2237,80,0.418033
2217,105,0.346555
2197,93,0.444928
2212,103,0.5
2212,99,0.5
2182,99,0.1
2205,80,0.729167
2210,79,0.728758
2182,105,0.1
2237,84,0.418033
2243,92,0.7
2171,101,0.610451
2179,82,0.8624
2240,105,0.978328
2183,87,0.957082
2172,105,0.350877
2206,83,0.857143
2202,105,0.711111
2216,81,0.79538
2250,83,0.800971
2233,86,0.419355
2219,96,0.9
2216,103,0.544554
2231,108,0.254717
2200,90,0.103985
2206,94,0.803571
2172,80,0.701754
2210,91,0.735294
2179,83,0.808
2243,105,0.675
2237,93,0.483607
2206,108,0.425595
2215,99,0.324503
2219,101,0.5
2172,85,0.666667
2237,86,0.459016
2179,93,0.4608
2202,85,0.655556
2240,80,0.972136
2199,94,0.74
2210,90,0.735294
2212,95,0.571429
2206,80,0.8125
2183,90,0.655222
2230,97,0.6875
2243,82,0.7
2239,106,0.933333
2203,103,0.306011
2243,79,0.6
2183,80,0.958512
2177,85,0.468293
2217,78,0.724426
2206,97,0.425595
2240,95,0.978328
2227,91,0.333333
2230,78,0.625
2179,85,0.8112
2178,78,0.763514
2228,105,0.405941
2251,98,0.271739
2218,95,0.673469
2206,92,0.8125
2205,94,0.727865
2239,83,0.933333
2203,91,0.259563
2176,85,0.568116
2250,84,0.798544
2222,99,0.206452
2240,91,0.978328
2230,81,0.71875
2197,98,0.881159
2230,105,0.28125
2205,79,0.5625
2176,90,0.42029
2216,101,0.544554
2230,108,0.28125
2171,83,0.98811
2179,101,0.4608
2197,103,0.444928
2171,78,0.841677
2179,98,0.3152
2240,94,0.972136
2206,105,0.425595
2206,93,0.425595
2237,81,0.483607
2222,108,0.206452
2171,79,0.644243
2183,81,0.958512
2233,99,0.451613
2216,98,0.537954
2210,97,0.735294
2243,99,0.675
2250,86,0.793689
2201,95,0.598148
2242,87,0.700535
2252,85,0.976096
2206,96,0.979167
2214,93,0.386364
2195,82,0.80163
2174,86,0.6347
2172,90,0.350877
2244,108,0.83031
2203,83,0.928962
2220,86,0.8
2252,95,0.948687
2230,106,0.28125
2242,86,0.700535
2205,95,0.666667
2220,87,0.8
2216,95,0.580858
2246,108,0.75832
2252,79,0.871183
2175,86,0.557522
2201,105,0.422222
2213,97,0.518182
2241,80,0.993433
2167,78,0.846139
2175,93,0.004425
2182,95,0.38
2212,96,0.607143
2180,97,0.1
2245,105,0.369272
2244,92,0.843352
2155,98,0.779834
2171,86,0.981227
2195,106,0.630435
2162,85,0.88212
2209,99,0.029283
2186,85,0.8705
2188,90,0.1
2242,98,0.57754
2160,92,0.800186
2177,81,0.453659
2237,101,0.483607
2204,82,0.902165
2154,79,0.650218
2244,93,0.239282
2196,94,0.883096
2155,94,0.902965
2202,103,0.711111
2242,93,0.550802
2234,83,0.50463
2233,93,0.451613
2210,80,0.72549
2212,78,0.607143
2237,83,0.401639
2222,106,0.206452
2207,80,0.721154
2183,101,0.655222
2177,98,0.014634
2210,87,0.656863
2226,96,0.332
2225,84,0.763533
2225,106,0.358974
2189,78,0.820023
2209,94,0.894583
2214,101,0.386364
2220,105,0.555556
2216,90,0.544554
2228,99,0.405941
2234,108,0.5
2189,108,0.710069
2237,78,0.45082
2200,94,0.882915
2172,98,0.736842
2236,101,0.5
2172,81,0.807018
2234,103,0.5
2232,91,0.5
2193,81,0.625
2250,108,0.771845
2172,78,0.719298
2172,96,0.736842
2223,93,0.613793
2212,86,0.785714
2203,84,0.885246
2189,105,0.76794
2250,87,0.849515
2196,92,0.881317
2196,91,0.180961
2212,80,0.607143
2183,92,0.958512
2240,78,0.910217
2227,96,0.986667
2216,97,0.541254
2172,83,0.719298
2230,85,0.65625
2206,99,0.425595
2240,79,0.978328
2197,86,0.884058
2220,84,0.796296
2250,92,0.798544
2228,94,0.871287
2209,80,0.896047
2189,93,0.700231
2171,80,0.964018
2217,84,0.720251
2193,80,0.638587
2177,79,0.014634
2236,96,0.002315
2243,84,0.675
2189,80,0.820023
2220,85,0.796296
2172,91,0.631579
2218,83,0.877551
2199,81,0.715
2207,101,0.466346
2191,105,0.437882
2250,91,0.771845
2212,101,0.5
2236,97,0.5
2214,98,0.424242
2193,97,0.663043
2228,103,0.405941
2236,78,0.5
2217,99,0.346555
2193,82,0.622283
2176,91,0.556522
2209,86,0.868228
2172,99,0.350877
2230,84,0.65625
2234,90,0.5
2237,103,0.483607
2193,87,0.706522
2245,86,0.498652
2250,97,0.771845
2245,92,0.466981
2189,82,0.788773
2173,101,0.542035
2192,79,0.864106
2196,103,0.226157
2236,90,0.5
2192,86,0.996677
2245,108,0.365229
2214,94,0.560606
2234,93,0.5
2172,94,0.614035
2214,97,0.295455
2212,105,0.5
2245,91,0.306604
2230,87,0.40625
2205,103,0.651042
2214,90,0.386364
2193,106,0.663043
2226,81,0.7934
2176,96,0.878261
2179,99,0.4608
2196,97,0.076157
2207,87,0.865385
2249,96,0.829851
2186,97,0.1
2213,92,0.966771
2216,91,0.541254
2197,96,0.978261
2191,96,0.996606
2243,86,0.6875
2171,106,0.522215
2191,82,0.693822
2250,98,0.917476
2196,81,0.953915
2249,106,0.906716
2236,87,0.439815
2249,103,0.906716
2214,92,0.613636
2193,103,0.663043
2186,79,0.1995
2192,87,0.972058
2212,91,0.5
2192,90,0.517971
2205,91,0.638021
2219,87,0.6
2245,83,0.498652
2179,106,0.4608
2193,78,0.668478
2213,105,0.421003
2191,78,0.54854
2179,96,0.696
2191,101,0.453496
2183,85,0.962804
2183,106,0.655222
2186,80,0.7325
2249,82,0.920896
2241,99,0.99531
2175,95,0.261062
2216,96,0.537954
2178,80,0.756757
2235,105,0.497041
2175,106,0.004425
2186,96,0.9955
2240,90,0.978328
2212,97,0.5
2216,86,0.815182
2176,84,0.568116
2196,85,0.881317
2196,87,0.894128
2227,87,0.946667
2192,97,0.517848
2234,106,0.5
2206,86,0.845238
2186,103,0.1
2192,83,0.997907
2191,108,0.432451
2243,106,0.675
2245,87,0.495957
2205,81,0.701823
2245,82,0.561321
2175,84,0.584071
2191,86,0.827563
2206,106,0.425595
2183,78,0.958512
2241,92,0.993433
2203,90,0.306011
2177,78,0.487805
2191,98,0.577733
2210,84,0.728758
2192,91,0.756401
2235,97,0.426036
2186,106,0.1
2216,85,0.811881
2218,90,0.639456
2236,95,0.5
2243,101,0.675
2241,96,0.990619
2213,80,0.966771
2178,95,0.668919
2249,83,0.907463
2213,96,0.999373
2242,80,0.71123
2214,105,0.386364
2242,90,0.550802
2237,90,0.483607
2205,92,0.729167
2230,92,0.65625
2241,108,0.99531
2207,106,0.466346
2217,81,0.818372
2191,106,0.42702
2201,84,0.67963
2242,81,0.684492
2241,87,0.991557
2214,79,0.386364
2172,87,0.596491
2206,101,0.425595
2201,103,0.422222
2242,83,0.705882
2251,97,0.288043
2202,86,0.644444
2179,105,0.4608
2201,106,0.422222
2252,101,0.948687
2186,93,0.1
2188,85,0.951
2237,106,0.483607
2223,78,0.894253
2245,79,0.289084
2236,82,0.412037
2169,90,0.008909
2209,84,0.884334
2215,79,0.337748
2212,84,0.535714
2169,85,0.759465
2193,94,0.665761
2192,101,0.536928
2250,101,0.771845
2207,97,0.528846
2184,98,0.1395
2249,92,0.904478
2176,78,0.521739
2183,98,0.801144
2189,81,0.783565
2175,85,0.584071
2252,90,0.655896
2169,83,0.759465
2236,93,0.5
2206,78,0.8125
2175,78,0.460177
2233,82,0.491935
2249,97,0.90597
2209,108,0.029283
2249,86,0.903731
2252,92,0.969847
2188,93,0.1
2223,91,0.611494
2177,82,0.44878
2192,94,0.977967
2213,86,0.473354
2214,84,0.583333
2237,96,0.401639
2214,87,0.598485
2222,78,0.806452
2169,108,0.008909
2214,78,0.613636
2189,97,0.700231
2242,95,0.566845
2218,101,0.639456
2178,97,0.540541
2241,93,0.99531
2236,105,0.5
2230,80,0.65625
2201,78,0.690741
2197,78,0.804348
2213,93,0.240439
2224,103,0.090909
2241,98,0.99531
2191,91,0.647658
2172,86,0.596491
2202,82,0.688889
2229,85,0.740639
2193,96,0.51087
2174,97,0.03505
2242,92,0.71123
2209,90,0.029283
2186,91,0.1
2179,103,0.4608
2201,101,0.422222
2209,78,0.896047
2200,101,0.779931
2250,80,0.798544
2179,97,0.4576
2213,95,0.560188
2224,90,0.090909
2242,96,0.572193
2209,81,0.682284
2173,80,0.54646
2242,97,0.534759
2241,78,0.946529
2213,90,0.240439
2172,103,0.350877
2224,85,0.584848
2214,103,0.386364
2201,99,0.422222
2237,87,0.459016
2200,95,0.576783
2213,78,0.949843
2241,95,0.994371
2242,79,0.572193
2239,84,0.933333
2173,105,0.542035
2213,101,0.240439
2229,78,0.716507
2209,82,0.682284
2212,108,0.5
2213,85,0.977743
2241,103,0.99531
2201,90,0.422222
2209,97,0.131772
2175,79,0.004425
2223,90,0.613793
2209,105,0.029283
2232,84,0.388889
2175,90,0.004425
2183,91,0.652361
2252,108,0.97005
2215,95,0.384106
2191,80,0.54854
2252,94,0.971041
2224,98,0.019192
2243,78,0.7
2200,105,0.786299
2186,86,0.7665
2200,79,0.192322
2177,93,0
2224,82,0.364646
2173,82,0.55531
2201,96,0.811111
2181,105,0.702797
2212,106,0.5
2174,93,0.03945
2181,90,0.702797
2173,90,0.542035
2227,79,0.42
2251,84,0.516304
2228,96,0.356436
2183,95,0.922747
2169,98,0.109131
2186,87,0.8785
2229,108,0.692069
2230,79,0.6875
2213,82,0.855486
2183,93,0.655222
2211,80,0.916975
2209,83,0.838946
2181,92,0.713287
2229,96,0.53851
2169,84,0.759465
2229,98,0.571762
2242,99,0.550802
2252,106,0.655896
2211,105,0.248207
2244,106,0.239282
2229,106,0.347102
2252,80,0.969847
2174,105,0.5689
2183,84,0.962804
2244,98,0.634413
2211,90,0.605955
2174,78,0.6346
2244,84,0.847058
2244,103,0.78496
2210,85,0.728758
2211,96,0.999565
2186,92,0.7325
2244,99,0.820462
2196,105,0.748932
2209,103,0.029283
2200,106,0.103985
2174,96,0.0409
2241,86,0.991557
2229,105,0.708606
2196,106,0.098577
2193,92,0.638587
2186,94,0.736
2244,105,0.812559
2181,79,0.688811
2196,83,0.883096
2173,86,0.568584
2169,106,0.008909
2219,83,0.7
2210,93,0.735294
2206,103,0.425595
2214,86,0.598485
2191,97,0.42702
2248,97,0.16214
2229,79,0.652873
2193,91,0.663043
2201,97,0.575926
2237,105,0.483607
2205,99,0.651042
2230,91,0.6875
2186,108,0.1
2193,90,0.663043
2237,82,0.47541
2228,85,0.841584
2196,108,0.802491
2174,91,0.1105
2169,93,0.008909
2216,92,0.825083
2181,103,0.702797
2204,90,0.142857
2171,95,0.558824
2200,108,0.866448
2204,103,0.40303
2169,96,0.605791
2194,86,0.955864
2171,96,0.999061
2191,92,0.54854
2192,84,0.98449
2181,99,0.702797
2241,97,0.99531
2252,97,0.65582
2201,92,0.492593
2181,95,0.685315
2241,101,0.99531
2209,96,0.945827
2191,87,0.85947
2229,86,0.744323
2169,78,0.462138
2184,78,0.922
2239,87,0.933333
2250,79,0.915049
2224,79,0.090909
2192,95,0.926637
2223,96,0.574713
2191,85,0.714189
2204,83,0.782251
2191,95,0.466395
2224,96,0.00101
2215,108,0.324503
2201,81,0.65
2239,97,0.866667
2173,85,0.597345
2175,103,0.004425
2186,95,0.826
2196,78,0.881317
2181,108,0.702797
2216,78,0.825083
2224,108,0.090909
2247,80,0.21786
2206,84,0.803571
2211,86,0.598131
2211,94,0.953054
2204,95,0.658874
2172,84,0.666667
2181,87,0.674825
2175,96,0.323009
2241,84,0.994371
2211,82,0.96153
2219,95,0.8
2224,94,0.552525
2181,96,0.566434
2191,81,0.5241
2252,87,0.97884
2171,94,0.940238
2181,98,0.56993
2209,91,0.131772
2206,91,0.425595
2181,106,0.702797
2243,96,0.575
2201,85,0.685185
2224,92,0.565657
2235,79,0.443787
2240,99,0.978328
2179,90,0.4608
2203,97,0.259563
2175,83,0.60177
2204,101,0.583983
2181,84,0.688811
2179,87,0.7872
2243,93,0.675
2173,92,0.54646
2204,79,0.199134
2173,94,0.559735
2230,90,0.28125
2249,101,0.906716
2170,85,0.765033
2195,108,0.630435
2206,87,0.815476
2195,87,0.763587
2181,81,0.723776
2179,95,0.64
2204,106,0.142857
2177,101,0
2174,92,0.63455
2195,105,0.630435
2241,81,0.99531
2195,91,0.616848
2213,81,0.798433
2225,90,0.358974
2190,105,0.1
2249,81,0.920896
2252,83,0.979602
2190,80,0.794
2218,79,0.993197
2225,82,0.780627
2174,81,0.6213
2193,84,0.673913
2195,92,0.758152
2202,99,0.711111
2225,79,0.698006
2178,82,0.75
2174,98,0.0391
2195,93,0.630435
2215,105,0.324503
2242,101,0.550802
2175,81,0.464602
2191,93,0.42702
2245,94,0.466307
2214,83,0.590909
2195,103,0.630435
2195,79,0.570652
2195,86,0.766304
2195,81,0.80163
2252,103,0.905655
2248,90,0.099658
2221,92,0.413712
2175,87,0.535398
2252,93,0.655896
2195,96,0.543478
2195,80,0.758152
2171,92,0.964018
2226,106,0.3384
2221,84,0.439716
2236,103,0.5
2225,78,0.77208
2245,90,0.311995
2222,93,0.206452
2250,81,0.771845
2248,80,0.469597
2174,90,0.03945
2248,108,0.099658
2174,84,0.6333
2221,91,0.237589
2199,101,0.7
2229,91,0.686049
2209,95,0.591508
2241,83,0.992495
2221,90,0.250591
2221,83,0.426714
2214,99,0.386364
2225,95,0.703704
2174,82,0.6218
2252,78,0.95486
2213,108,0.394984
2245,93,0.311995
2175,99,0.004425
2225,94,0.811966
2242,105,0.550802
2204,105,0.514286
2229,80,0.73152
2229,103,0.692069
2170,90,0.008909
2174,87,0.63465
2170,108,0.008909
2188,97,0.1
2180,90,0.1
2188,98,0.182
2188,87,0.862
2188,108,0.1
2175,108,0.004425
2224,78,0.565657
2244,95,0.812948
2181,94,0.706294
2244,86,0.834343
2188,99,0.1
2224,95,0.30101
2204,87,0.839394
2186,78,0.7325
2244,91,0.771815
2188,96,0.9955
2224,80,0.565657
2188,83,0.947
2188,78,0.9485
2229,83,0.775288
2174,108,0.629
2191,99,0.439919
2188,79,0.1965
2229,95,0.686735
2242,84,0.705882
2188,86,0.845
2188,84,0.9495
2174,106,0.03945
2184,95,0.7605
2189,84,0.8125
2196,96,0.092705
2189,94,0.827546
2246,106,0.238103
2246,85,0.792535
2182,98,0.136
2155,90,0.898149
2224,81,0.367677
2188,103,0.1
2184,92,0.922
2225,81,0.780627
2246,90,0.238103
2184,84,0.898
2162,108,0.873595
2159,78,0.986178
2170,82,0.876392
2160,99,0.710723
2158,97,0.578054
2249,85,0.905224
2164,97,0.257354
2246,82,0.859876
2211,87,0.604434
2198,95,0.897497
2244,87,0.810307
2180,82,0.9055
2162,93,0.541436
2182,97,0.1
2181,80,0.713287
2159,98,0.460427
2156,95,0.749992
2198,92,0.926731
2162,96,0.498065
2155,106,0.898149
2244,96,0.634413
2190,95,0.4675
2201,86,0.714815
2184,108,0.1
2247,84,0.224084
2173,103,0.542035
2246,78,0.791913
2182,93,0.1
2155,108,0.898149
2163,98,0.608287
2247,91,0.162078
2166,84,0.711064
2164,95,0.561733
2200,91,0.304949
2192,108,0.536928
2170,92,0.762806
2194,80,0.898225
2190,99,0.1
2180,105,0.1
2165,91,0.83867
2163,91,0.774658
2180,80,0.1
2159,101,0.8961
2159,90,0.304589
2160,93,0.467462
2154,78,0.830828
2198,80,0.926731
2247,81,0.238209
2154,98,0.543824
2165,82,0.88693
2180,98,0.1995
2246,95,0.784292
2173,83,0.539823
2245,106,0.311995
2167,92,0.872514
2162,99,0.833151
2192,78,0.984367
2204,92,0.778355
2225,93,0.358974
2247,108,0.179794
2156,98,0.568442
2251,106,0.244565
2188,80,0.9485
2204,96,0.148052
2160,87,0.762215
2169,87,0.750557
2198,96,0.873378
2162,106,0.541436
2198,78,0.926731
2249,95,0.905224
2168,106,0.396504
2164,87,0.668942
2248,92,0.469597
2182,90,0.1
2194,92,0.898225
2159,105,0.982153
2192,105,0.638232
2154,101,0.854541
2248,82,0.979291
2155,97,0.898149
2246,86,0.792224
2184,85,0.9025
2159,95,0.836119
2167,103,0.521411
2180,91,0.205
2192,96,0.726243
2166,86,0.686604
2189,98,0.69213
2184,96,0.9955
2184,83,0.898
2163,101,0.83146
2182,96,0.9955
2190,86,0.8395
2198,87,0.948292
2154,103,0.848219
2168,82,0.922783
2180,92,0.1
2184,103,0.1
2198,106,0.89768
2180,93,0.1
2248,83,0.994404
2170,103,0.008909
2247,105,0.10893
2159,93,0.304589
2170,96,0.605791
2249,108,0.915672
2245,103,0.293801
2245,78,0.468329
2198,97,0.89768
2194,83,0.932716
2194,82,0.925
2173,87,0.566372
2160,83,0.831805
2195,101,0.630435
2188,106,0.1
2159,85,0.985765
2184,99,0.1
2159,97,0.304588
2169,95,0.829621
2158,94,0.736674
2184,81,0.8555
2190,93,0.1
2154,82,0.859693
2247,90,0.000239
2248,93,0.099658
2168,87,0.917447
2190,84,0.7915
2170,105,0.008909
2189,101,0.734375
2247,82,0.232224
2154,95,0.859516
2159,80,0.978276
2190,83,0.834
2158,95,0.650413
2170,79,0.111359
2198,91,0.89768
2170,106,0.008909
2182,82,0.812
2248,99,0.099658
2164,85,0.678289
2246,79,0.238414
2190,78,0.794
2249,105,0.893284
2211,103,0.176701
2154,108,0.856885
2188,92,0.9485
2165,93,0.207817
2221,87,0.390071
2160,80,0.800186
2211,79,0.999565
2160,78,0.755282
2182,79,0.11
2247,97,0.162078
2173,95,0.535398
2249,79,0.814925
2194,95,0.581481
2246,97,0.235459
2167,94,0.872806
2160,98,0.778848
2225,86,0.877493
2246,80,0.791913
2218,103,0.639456
2194,103,0.617824
2247,83,0.230788
2246,84,0.792535
2159,99,0.899341
2169,80,0.759465
2169,86,0.673719
2163,93,0.555946
2221,98,0.268322
2245,81,0.561321
2246,81,0.860031
2194,93,0.333333
2244,85,0.847058
2248,98,0.099658
2247,95,0.230548
2244,90,0.239282
2156,103,0.641018
2182,81,0.689
2246,103,0.530482
2184,86,0.9105
2198,90,0.89768
2160,101,0.734052
2159,96,0.200097
2225,92,0.77208
2155,82,0.901285
2183,99,0.655222
2184,79,0.1975
2209,106,0.029283
2190,94,0.8745
2190,90,0.1
2165,83,0.925949
2247,99,0.128082
2225,97,0.501425
2211,81,0.952619
2169,99,0.008909
2170,84,0.765033
2195,94,0.766304
2245,84,0.473046
2211,98,0.794175
2246,87,0.791913
2194,87,0.953704
2248,81,0.940334
2194,81,0.92446
2180,94,0.103
2173,99,0.542035
2160,82,0.747349
2198,85,0.941531
2168,103,0.638863
2188,105,0.1
2198,99,0.920702
2249,78,0.852239
2196,98,0.120996
2182,106,0.1
2244,83,0.842369
2244,97,0.760698
2192,106,0.517971
2248,106,0.099658
2224,106,0.090909
2181,101,0.702797
2249,87,0.776119
2184,101,0.1
2158,82,0.70677
2162,101,0.815547
2244,80,0.843352
2188,94,0.9495
2211,97,0.605738
2182,87,0.858
2170,78,0.66147
2194,98,0.314275
2225,101,0.358974
2194,78,0.832948
2247,93,0.000239
2246,92,0.791913
2160,105,0.753276
2180,96,0.9955
2190,92,0.794
2248,84,0.47619
2160,103,0.666059
2268,83,0.566015
2268,103,0.636128
2268,96,0.585408
2184,90,0.1
2268,95,0.630042
2268,97,0.637948
2268,99,0.571854
2268,105,0.573103
2245,85,0.481132
2268,91,0.962967
2268,98,0.577535
2268,86,0.555306
2268,81,0.605827
2268,90,0.637948
2211,106,0.605955
2269,96,0.965407
2268,85,0.563063
2269,98,0.96519
2269,79,0.96485
2268,84,0.583887
2269,83,0.998587
2268,92,0.63292
2269,95,0.950855
2269,81,0.987041
2269,80,0.979529
2268,93,0.637948
2269,93,0.05
2268,94,0.634789
2268,101,0.637948
2268,108,0.556356
2190,97,0.1
2269,90,0.05
2269,85,0.997037
2269,78,0.702663
2268,79,0.637948
2269,94,0.994507
69,60,0.764189189
1736,74,0.774739583
1736,58,0.751302083
1728,70,0.849275362
88,75,0.851304348
1721,70,0.8295
1703,66,0.877192982
2097,57,0.591912908
75,72,0.9286
1731,65,0.987081514
2098,67,0.245870242
1757,64,0.7242
1731,72,0.913482533
88,74,0.848985507
1705,56,0.04065
72,64,0.658391608
2097,77,0.854587869
63,57,0.670744681
64,65,0.871929825
79,66,0.9618
1748,76,0.901878914
1717,77,0.725
1723,74,1
1715,58,0.9345
1711,77,0.942
90,75,0.7107
96,59,0.747265625
1713,76,0.799
115,60,0.798484848
1719,70,0.9775
1721,61,0.6925
1721,74,0.7835
82,77,0.557773252
1723,70,1
94,75,0.50273224
1748,74,0.982254697
2094,74,0.856496458
80,76,0.917303241
2098,58,0.23892746
1727,76,0.947686833
81,76,0.73395
1752,57,0.533096927
1757,63,0.8008
69,59,0.75472973
86,56,0.630434783
116,60,0.9
1728,74,0.857971014
